{
    "variants": {
        "": [
        	{ "model": "block/cactus", "weight": 4 },
        	{ "model": "block/cactus", "y": 90, "weight": 4 },
        	{ "model": "block/cactus", "y": 180, "weight": 4 },
        	{ "model": "block/cactus", "y": 270, "weight": 4 },
        	{ "model": "block/cactus_2", "weight": 1 },
        	{ "model": "block/cactus_2", "y": 90, "weight": 1 },
        	{ "model": "block/cactus_2", "y": 180, "weight": 1 },
        	{ "model": "block/cactus_2", "y": 270, "weight": 1 },
        	{ "model": "block/cactus_3", "weight": 1 },
        	{ "model": "block/cactus_3", "y": 90, "weight": 1 },
        	{ "model": "block/cactus_3", "y": 180, "weight": 1 },
        	{ "model": "block/cactus_3", "y": 270, "weight": 1 },
            { "model": "block/cactus_4", "weight": 1 },
            { "model": "block/cactus_4", "y": 90, "weight": 1 },
            { "model": "block/cactus_4", "y": 180, "weight": 1 },
            { "model": "block/cactus_4", "y": 270, "weight": 1 }
        ]
    }
}
