{
	"credit": "Made with Blockbench by _GrandMagus_",
	"ambientocclusion": false,
	"textures": {
		"particle": "block/acacia_door_bottom",
		"bottom": "blocks/e_texture",
		"top": "block/acacia_door_bottom"
	},
	"elements": [
		{
			"from": [ 0, 0, 13 ],
			"to": [ 3, 16, 16 ],
			"faces": {
				"down": { "uv": [ 0, 15, 3, 16 ], "texture": "#top", "cullface": "down", "rotation": 90 },
				"south": { "uv": [ 1, 0, 0, 16 ], "texture": "#top", "cullface": "south" },
				"west": { "uv": [ 0, 16, 3, 0 ], "texture": "#top", "cullface": "west", "rotation": 180 },
				"east": { "uv": [ 3, 16, 0, 0 ], "texture": "#top", "rotation": 180 }
			}
		},
		{
			"from": [ 0.0001, 0, 0 ],
			"to": [ 3.0001, 16, 3 ],
			"faces": {
				"down": { "uv": [ 13, 15, 16, 16 ], "texture": "#top", "cullface": "down", "rotation": 90 },
				"north": { "uv": [ 16, 0, 15, 16 ], "texture": "#top", "cullface": "north" },
				"west": { "uv": [ 13, 16, 16, 0 ], "texture": "#top", "cullface": "west", "rotation": 180 },
				"east": { "uv": [ 16, 16, 13, 0 ], "texture": "#top", "rotation": 180 }
			}
		},
		{
			"from": [ 1, 3, 9 ],
			"to": [ 2, 15, 11 ],
			"faces": {
				"north": { "uv": [ 6, 13, 5, 1 ], "texture": "#top" },
				"south": { "uv": [ 7, 13, 6, 1 ], "texture": "#top" },
				"west": { "uv": [ 5, 1, 7, 13 ], "texture": "#top", "rotation": 180 },
				"east": { "uv": [ 5, 1, 7, 13 ], "texture": "#top", "rotation": 180 }
			}
		},
		{
			"from": [ 1, 3, 5 ],
			"to": [ 2, 15, 7 ],
			"faces": {
				"north": { "uv": [ 10, 13, 9, 1 ], "texture": "#top" },
				"south": { "uv": [ 11, 13, 10, 1 ], "texture": "#top" },
				"west": { "uv": [ 9, 1, 11, 13 ], "texture": "#top", "rotation": 180 },
				"east": { "uv": [ 9, 1, 11, 13 ], "texture": "#top", "rotation": 180 }
			}
		},
		{
			"from": [ 0.0001, 15, 3 ],
			"to": [ 3.0001, 16, 13 ],
			"faces": {
				"down": { "uv": [ 3, 0, 13, 1 ], "texture": "#top", "rotation": 90 },
				"west": { "uv": [ 3, 0, 13, 1 ], "texture": "#top", "cullface": "west", "rotation": 180 },
				"east": { "uv": [ 13, 0, 3, 1 ], "texture": "#top", "rotation": 180 }
			}
		},
		{
			"from": [ 0.0001, 0, 3 ],
			"to": [ 3.0001, 3, 13 ],
			"faces": {
				"down": { "uv": [ 3, 15, 13, 16 ], "texture": "#top", "cullface": "down", "rotation": 90 },
				"up": { "uv": [ 3, 13, 13, 14 ], "texture": "#top", "rotation": 90 },
				"west": { "uv": [ 3, 13, 13, 16 ], "texture": "#top", "cullface": "west", "rotation": 180 },
				"east": { "uv": [ 13, 13, 3, 16 ], "texture": "#top", "rotation": 180 }
			}
		},
		{
			"from": [ 0, 3, 13 ],
			"to": [ 3, 15, 13.001 ],
			"faces": {
				"north": { "uv": [ 3, 1, 2, 13 ], "texture": "#top" }
			}
		},
		{
			"from": [ 0.0001, 3, 3 ],
			"to": [ 3.0001, 15, 3.001 ],
			"faces": {
				"south": { "uv": [ 14, 1, 13, 13 ], "texture": "#top" }
			}
		},
		{
			"from": [ 3.0001, 15, 1 ],
			"to": [ 4.0001, 16, 2 ],
			"faces": {
				"down": { "uv": [ 14, 0, 15, 1 ], "texture": "#top", "rotation": 90 },
				"north": { "uv": [ 15, 1, 14, 0 ], "texture": "#top" },
				"south": { "uv": [ 15, 1, 14, 0 ], "texture": "#top" },
				"east": { "uv": [ 15, 0, 14, 1 ], "texture": "#top", "rotation": 180 }
			}
		},
		{
			"from": [ -0.9999, 15, 1 ],
			"to": [ 0.0001000166, 16, 2 ],
			"faces": {
				"down": { "uv": [ 14, 0, 15, 1 ], "texture": "#top", "cullface": "west", "rotation": 90 },
				"north": { "uv": [ 15, 1, 14, 0 ], "texture": "#top", "cullface": "west" },
				"south": { "uv": [ 15, 1, 14, 0 ], "texture": "#top", "cullface": "west" },
				"west": { "uv": [ 14, 0, 15, 1 ], "texture": "#top", "cullface": "west", "rotation": 180 }
			}
		}
	]
}