{
	"__comment": "Created by _GrandMagus_",
	"parent": "block/template_orientable_trapdoor_bottom",
	"textures": {
		"texture": "block/birch_trapdoor",
		"side": "block/birch_trapdoor_side"
	},
	"elements": [
		{
			"__comment": "Cube1",
			"from": [ 13, 0, 12.9999 ],
			"to": [ 16, 16, 15.9999 ],
			"faces": {
				"down": { "uv": [ 13, 0, 16, 3 ], "texture": "#side" },
				"up": { "uv": [ 3, 3, 0, 0 ], "texture": "#side" },
				"north": { "uv": [ 3, 0, 0, 16 ], "texture": "#texture", "rotation": 180 },
				"south": { "uv": [ 0, 0, 3, 16 ], "texture": "#texture", "rotation": 180 },
				"west": { "uv": [ 3, 0, 0, 16 ], "texture": "#texture", "rotation": 180 },
				"east": { "uv": [ 0, 0, 16, 3 ], "texture": "#side", "rotation": 270 }
			}
		},
		{
			"__comment": "Cube1",
			"from": [ 0, 0, 12.9999 ],
			"to": [ 3, 16, 15.9999 ],
			"faces": {
				"down": { "uv": [ 0, 0, 3, 3 ], "texture": "#side" },
				"up": { "uv": [ 16, 3, 13, 0 ], "texture": "#side" },
				"north": { "uv": [ 16, 0, 13, 16 ], "texture": "#texture", "rotation": 180 },
				"south": { "uv": [ 13, 0, 16, 16 ], "texture": "#texture", "rotation": 180 },
				"west": { "uv": [ 0, 0, 16, 3 ], "texture": "#side", "rotation": 90 },
				"east": { "uv": [ 0, 0, 16, 3 ], "texture": "#side", "rotation": 270 }
			}
		},
		{
			"__comment": "Cube1",
			"from": [ 3, 0, 13.0001 ],
			"to": [ 13, 3, 16.0001 ],
			"faces": {
				"down": { "uv": [ 3, 0, 13, 3 ], "texture": "#side" },
				"up": { "uv": [ 13, 3, 3, 0 ], "texture": "#side" },
				"north": { "uv": [ 13, 0, 3, 3 ], "texture": "#texture", "rotation": 180 },
				"south": { "uv": [ 3, 0, 13, 3 ], "texture": "#texture", "rotation": 180 }
			}
		},
		{
			"__comment": "Cube1",
			"from": [ 3, 13, 12.9999 ],
			"to": [ 13, 16, 15.9999 ],
			"faces": {
				"down": { "uv": [ 3, 0, 13, 3 ], "texture": "#side" },
				"up": { "uv": [ 13, 3, 3, 0 ], "texture": "#side" },
				"north": { "uv": [ 13, 13, 3, 16 ], "texture": "#texture", "rotation": 180 },
				"south": { "uv": [ 3, 13, 13, 16 ], "texture": "#texture", "rotation": 180 }
			}
		},
		{
			"__comment": "Cube1",
			"from": [ 3, 3, 14 ],
			"to": [ 13, 13, 15 ],
			"faces": {
				"down": { "uv": [ 3, 14, 13, 15 ], "texture": "#texture" },
				"up": { "uv": [ 13, 15, 3, 14 ], "texture": "#texture" },
				"north": { "uv": [ 13, 3, 3, 13 ], "texture": "#texture", "rotation": 180 },
				"south": { "uv": [ 3, 3, 13, 13 ], "texture": "#texture", "rotation": 180 },
				"west": { "uv": [ 3, 14, 13, 15 ], "texture": "#texture", "rotation": 90 },
				"east": { "uv": [ 3, 14, 13, 15 ], "texture": "#texture", "rotation": 270 }
			}
		}
	]
}