{
	"__comment": "Created by _GrandMagus_",
	"textures": {
		"particle": "block/brewing_stand",
		"stand": "block/brewing_stand",
		"brewing_stand": "block/brewing_stand"
	},
	"elements": [
		{
			"__comment": "Cube3",
			"from": [ 7.25, 0, 8.5 ],
			"to": [ 8.25, 14, 9.5 ],
			"rotation": { "origin": [ 7.25, 0, 9.5 ], "axis": "y", "angle": 45 },
			"faces": {
				"down": { "uv": [ 7, 7, 8, 8 ], "texture": "#stand", "rotation": 90 },
				"up": { "uv": [ 8, 2, 9, 3 ], "texture": "#stand", "rotation": 270 },
				"north": { "uv": [ 8, 2, 9, 16 ], "texture": "#stand" },
				"south": { "uv": [ 7, 2, 8, 16 ], "texture": "#stand" },
				"west": { "uv": [ 7, 2, 8, 16 ], "texture": "#stand" },
				"east": { "uv": [ 7, 2, 8, 16 ], "texture": "#stand" }
			}
		},
		{
			"__comment": "Cube3",
			"from": [ 3.25, 6, 8.5 ],
			"to": [ 4.25, 16, 9.5 ],
			"rotation": { "origin": [ 7.25, 0, 9.5 ], "axis": "y", "angle": 45 },
			"faces": {
				"down": { "uv": [ 12, 9, 13, 10 ], "texture": "#stand" },
				"up": { "uv": [ 12, 0, 13, 1 ], "texture": "#stand" },
				"north": { "uv": [ 12, 0, 13, 10 ], "texture": "#stand" },
				"south": { "uv": [ 12, 0, 13, 10 ], "texture": "#stand" },
				"west": { "uv": [ 12, 0, 13, 10 ], "texture": "#stand" },
				"east": { "uv": [ 12, 0, 13, 10 ], "texture": "#stand" }
			}
		},
		{
			"__comment": "Cube3",
			"from": [ 2.25, 11, 8.4999 ],
			"to": [ 3.25, 13, 9.4999 ],
			"rotation": { "origin": [ 7.25, 0, 9.5 ], "axis": "y", "angle": 45 },
			"faces": {
				"down": { "uv": [ 2, 4, 3, 5 ], "texture": "#stand", "rotation": 180 },
				"up": { "uv": [ 2, 3, 3, 4 ], "texture": "#stand", "rotation": 180 },
				"north": { "uv": [ 2, 3, 3, 5 ], "texture": "#stand" },
				"south": { "uv": [ 2, 3, 3, 5 ], "texture": "#stand" },
				"west": { "uv": [ 2, 3, 3, 5 ], "texture": "#stand" },
				"east": { "uv": [ 2, 3, 3, 5 ], "texture": "#stand" }
			}
		},
		{
			"__comment": "Cube3",
			"from": [ 4.25, 12, 8.5 ],
			"to": [ 5.25, 15, 9.5 ],
			"rotation": { "origin": [ 7.25, 0, 9.5 ], "axis": "y", "angle": 45 },
			"faces": {
				"down": { "uv": [ 4, 3, 5, 4 ], "texture": "#stand", "rotation": 180 },
				"up": { "uv": [ 4, 1, 5, 2 ], "texture": "#stand", "rotation": 180 },
				"north": { "uv": [ 4, 1, 5, 4 ], "texture": "#stand" },
				"south": { "uv": [ 4, 1, 5, 4 ], "texture": "#stand" },
				"west": { "uv": [ 4, 1, 5, 4 ], "texture": "#stand" },
				"east": { "uv": [ 4, 1, 5, 4 ], "texture": "#stand" }
			}
		},
		{
			"__comment": "Cube3",
			"from": [ 5.25, 3, 8.5 ],
			"to": [ 7.25, 14, 9.5 ],
			"rotation": { "origin": [ 7.25, 0, 9.5 ], "axis": "y", "angle": 45 },
			"faces": {
				"down": { "uv": [ 5, 12, 7, 13 ], "texture": "#stand", "rotation": 180 },
				"up": { "uv": [ 5, 2, 7, 3 ], "texture": "#stand", "rotation": 180 },
				"north": { "uv": [ 7, 2, 5, 13 ], "texture": "#stand" },
				"south": { "uv": [ 5, 2, 7, 13 ], "texture": "#stand" },
				"west": { "uv": [ 5, 2, 6, 13 ], "texture": "#stand" },
				"east": { "uv": [ 6, 2, 7, 13 ], "texture": "#stand" }
			}
		}
	]
}