{
	"__comment": "Created by _GrandMagus_",
	"textures": {
		"particle": "block/brewing_stand",
		"stand": "block/brewing_stand",
		"brewing_stand": "block/brewing_stand"
	},
	"elements": [
		{
			"__comment": "Cube3",
			"from": [ 6.5, 0, 7.25 ],
			"to": [ 7.5, 14, 8.25 ],
			"rotation": { "origin": [ 6.5, 0, 7.25 ], "axis": "y", "angle": 45 },
			"faces": {
				"down": { "uv": [ 7, 7, 8, 8 ], "texture": "#stand" },
				"up": { "uv": [ 7, 2, 8, 3 ], "texture": "#stand" },
				"north": { "uv": [ 7, 2, 8, 16 ], "texture": "#stand" },
				"south": { "uv": [ 8, 2, 9, 16 ], "texture": "#stand" },
				"west": { "uv": [ 7, 2, 8, 16 ], "texture": "#stand" },
				"east": { "uv": [ 8, 2, 9, 16 ], "texture": "#stand" }
			}
		},
		{
			"__comment": "Cube3",
			"from": [ 6.5, 6, 3.25 ],
			"to": [ 7.5, 16, 4.25 ],
			"rotation": { "origin": [ 6.5, 3, 7.25 ], "axis": "y", "angle": 45 },
			"faces": {
				"down": { "uv": [ 12, 9, 13, 10 ], "texture": "#stand", "rotation": 90 },
				"up": { "uv": [ 12, 0, 13, 1 ], "texture": "#stand", "rotation": 270 },
				"north": { "uv": [ 12, 0, 13, 10 ], "texture": "#stand" },
				"south": { "uv": [ 12, 0, 13, 10 ], "texture": "#stand" },
				"west": { "uv": [ 12, 0, 13, 10 ], "texture": "#stand" },
				"east": { "uv": [ 12, 0, 13, 10 ], "texture": "#stand" }
			}
		},
		{
			"__comment": "Cube3",
			"from": [ 6.5, 11, 2.25 ],
			"to": [ 7.5, 13, 3.25 ],
			"rotation": { "origin": [ 6.5, 3, 7.25 ], "axis": "y", "angle": 45 },
			"faces": {
				"down": { "uv": [ 2, 4, 3, 5 ], "texture": "#stand", "rotation": 90 },
				"up": { "uv": [ 2, 3, 3, 4 ], "texture": "#stand", "rotation": 270 },
				"north": { "uv": [ 2, 3, 3, 5 ], "texture": "#stand" },
				"south": { "uv": [ 2, 3, 3, 5 ], "texture": "#stand" },
				"west": { "uv": [ 2, 3, 3, 5 ], "texture": "#stand" },
				"east": { "uv": [ 2, 3, 3, 5 ], "texture": "#stand" }
			}
		},
		{
			"__comment": "Cube3",
			"from": [ 6.5, 12, 4.25 ],
			"to": [ 7.5, 15, 5.25 ],
			"rotation": { "origin": [ 6.5, 3, 7.25 ], "axis": "y", "angle": 45 },
			"faces": {
				"down": { "uv": [ 4, 3, 5, 4 ], "texture": "#stand", "rotation": 90 },
				"up": { "uv": [ 4, 1, 5, 2 ], "texture": "#stand", "rotation": 270 },
				"north": { "uv": [ 4, 1, 5, 4 ], "texture": "#stand" },
				"south": { "uv": [ 4, 1, 5, 4 ], "texture": "#stand" },
				"west": { "uv": [ 4, 1, 5, 4 ], "texture": "#stand" },
				"east": { "uv": [ 4, 1, 5, 4 ], "texture": "#stand" }
			}
		},
		{
			"__comment": "Cube3",
			"from": [ 6.5, 3, 5.25 ],
			"to": [ 7.5, 14, 7.25 ],
			"rotation": { "origin": [ 6.5, 3, 7.25 ], "axis": "y", "angle": 45 },
			"faces": {
				"down": { "uv": [ 5, 12, 7, 13 ], "texture": "#stand", "rotation": 90 },
				"up": { "uv": [ 5, 2, 7, 3 ], "texture": "#stand", "rotation": 270 },
				"north": { "uv": [ 5, 2, 6, 13 ], "texture": "#stand" },
				"south": { "uv": [ 6, 2, 7, 13 ], "texture": "#stand" },
				"west": { "uv": [ 5, 2, 7, 13 ], "texture": "#stand" },
				"east": { "uv": [ 7, 2, 5, 13 ], "texture": "#stand" }
			}
		}
	]
}