{
	"credit": "Made with Blockbench",
	"parent": "block/block",
	"textures": {
		"particle": "block/coal_ore_2",
		"all": "block/coal_ore_2"
	},
	"elements": [
		{
			"from": [0, 0, 0],
			"to": [16, 16, 16],
			"faces": {
				"north": {"uv": [0, 0, 16, 16], "texture": "#all", "cullface": "north"},
				"east": {"uv": [0, 0, 16, 16], "texture": "#all", "cullface": "east"},
				"south": {"uv": [0, 0, 16, 16], "texture": "#all", "cullface": "south"},
				"west": {"uv": [0, 0, 16, 16], "texture": "#all", "cullface": "west"},
				"up": {"uv": [0, 0, 16, 16], "texture": "#all", "cullface": "up"},
				"down": {"uv": [0, 0, 16, 16], "texture": "#all", "cullface": "down"}
			}
		},
		{
			"from": [-1, 6, 8],
			"to": [0, 7, 12],
			"faces": {
				"north": {"uv": [8, 9, 9, 10], "rotation": 90, "texture": "#all", "cullface": "west"},
				"south": {"uv": [11, 9, 12, 10], "rotation": 270, "texture": "#all", "cullface": "west"},
				"west": {"uv": [8, 9, 12, 10], "texture": "#all", "cullface": "west"},
				"up": {"uv": [8, 10, 12, 9], "rotation": 90, "texture": "#all", "cullface": "west"},
				"down": {"uv": [8, 9, 12, 10], "rotation": 270, "texture": "#all", "cullface": "west"}
			}
		},
		{
			"from": [-0.5, 10, 4],
			"to": [0, 11, 5],
			"faces": {
				"north": {"uv": [4, 5, 5, 6], "rotation": 90, "texture": "#all", "cullface": "west"},
				"south": {"uv": [4, 5, 5, 6], "rotation": 270, "texture": "#all", "cullface": "west"},
				"west": {"uv": [4, 5, 5, 6], "texture": "#all", "cullface": "west"},
				"up": {"uv": [5, 6, 4, 5], "rotation": 90, "texture": "#all", "cullface": "west"}
			}
		},
		{
			"from": [-0.5, 7, 7],
			"to": [0, 8, 8],
			"faces": {
				"north": {"uv": [7, 8, 8, 9], "rotation": 90, "texture": "#all", "cullface": "west"},
				"south": {"uv": [7, 8, 8, 9], "rotation": 270, "texture": "#all", "cullface": "west"},
				"west": {"uv": [7, 8, 8, 9], "texture": "#all", "cullface": "west"},
				"up": {"uv": [8, 9, 7, 8], "rotation": 90, "texture": "#all", "cullface": "west"},
				"down": {"uv": [7, 8, 8, 9], "rotation": 270, "texture": "#all", "cullface": "west"}
			}
		},
		{
			"from": [-0.5, 12, 7],
			"to": [0, 13, 9],
			"faces": {
				"north": {"uv": [7, 3, 8, 4], "rotation": 90, "texture": "#all", "cullface": "west"},
				"south": {"uv": [8, 3, 9, 4], "rotation": 270, "texture": "#all", "cullface": "west"},
				"west": {"uv": [7, 3, 9, 4], "texture": "#all", "cullface": "west"},
				"up": {"uv": [7, 4, 9, 3], "rotation": 90, "texture": "#all", "cullface": "west"},
				"down": {"uv": [7, 3, 9, 4], "rotation": 270, "texture": "#all", "cullface": "west"}
			}
		},
		{
			"from": [-1, 7, 9],
			"to": [0, 8, 11],
			"faces": {
				"north": {"uv": [9, 8, 10, 9], "rotation": 90, "texture": "#all", "cullface": "west"},
				"south": {"uv": [10, 8, 11, 9], "rotation": 270, "texture": "#all", "cullface": "west"},
				"west": {"uv": [9, 8, 11, 9], "texture": "#all", "cullface": "west"},
				"up": {"uv": [9, 9, 11, 8], "rotation": 90, "texture": "#all", "cullface": "west"}
			}
		},
		{
			"from": [-1, 5, 4],
			"to": [0, 6, 6],
			"faces": {
				"north": {"uv": [5, 10, 6, 11], "rotation": 90, "texture": "#all", "cullface": "west"},
				"south": {"uv": [4, 10, 5, 11], "rotation": 270, "texture": "#all", "cullface": "west"},
				"west": {"uv": [4, 10, 6, 11], "texture": "#all", "cullface": "west"},
				"up": {"uv": [6, 11, 4, 10], "rotation": 90, "texture": "#all", "cullface": "west"}
			}
		},
		{
			"from": [-1, 4, 3],
			"to": [0, 5, 8],
			"faces": {
				"north": {"uv": [3, 11, 4, 12], "rotation": 90, "texture": "#all", "cullface": "west"},
				"south": {"uv": [7, 11, 8, 12], "rotation": 270, "texture": "#all", "cullface": "west"},
				"west": {"uv": [3, 11, 8, 12], "texture": "#all", "cullface": "west"},
				"up": {"uv": [3, 12, 8, 11], "rotation": 90, "texture": "#all", "cullface": "west"},
				"down": {"uv": [3, 11, 8, 12], "rotation": 270, "texture": "#all", "cullface": "west"}
			}
		},
		{
			"from": [-0.5, 3, 5],
			"to": [0, 4, 9],
			"faces": {
				"north": {"uv": [5, 12, 6, 13], "rotation": 90, "texture": "#all", "cullface": "west"},
				"south": {"uv": [8, 12, 9, 13], "rotation": 270, "texture": "#all", "cullface": "west"},
				"west": {"uv": [5, 12, 9, 13], "texture": "#all", "cullface": "west"},
				"up": {"uv": [5, 13, 9, 12], "rotation": 90, "texture": "#all", "cullface": "west"},
				"down": {"uv": [5, 12, 9, 13], "rotation": 270, "texture": "#all", "cullface": "west"}
			}
		},
		{
			"from": [-0.5, 9, 2],
			"to": [0, 10, 6],
			"faces": {
				"north": {"uv": [2, 6, 3, 7], "rotation": 90, "texture": "#all", "cullface": "west"},
				"south": {"uv": [5, 6, 6, 7], "rotation": 270, "texture": "#all", "cullface": "west"},
				"west": {"uv": [2, 6, 6, 7], "texture": "#all", "cullface": "west"},
				"up": {"uv": [2, 7, 6, 6], "rotation": 90, "texture": "#all", "cullface": "west"},
				"down": {"uv": [2, 6, 6, 7], "rotation": 270, "texture": "#all", "cullface": "west"}
			}
		},
		{
			"from": [-0.5, 10, 10],
			"to": [0, 11, 14],
			"faces": {
				"north": {"uv": [10, 5, 11, 6], "rotation": 90, "texture": "#all", "cullface": "west"},
				"south": {"uv": [13, 5, 14, 6], "rotation": 270, "texture": "#all", "cullface": "west"},
				"west": {"uv": [10, 5, 14, 6], "texture": "#all", "cullface": "west"},
				"up": {"uv": [10, 6, 14, 5], "rotation": 90, "texture": "#all", "cullface": "west"},
				"down": {"uv": [10, 5, 14, 6], "rotation": 270, "texture": "#all", "cullface": "west"}
			}
		},
		{
			"from": [-1, 9, 9],
			"to": [0, 10, 12],
			"faces": {
				"north": {"uv": [9, 6, 10, 7], "rotation": 90, "texture": "#all", "cullface": "west"},
				"south": {"uv": [11, 6, 12, 7], "rotation": 270, "texture": "#all", "cullface": "west"},
				"west": {"uv": [9, 6, 12, 7], "texture": "#all", "cullface": "west"},
				"up": {"uv": [9, 7, 12, 6], "rotation": 90, "texture": "#all", "cullface": "west"},
				"down": {"uv": [9, 6, 12, 7], "rotation": 270, "texture": "#all", "cullface": "west"}
			}
		},
		{
			"from": [8, 16, 9],
			"to": [12, 17, 10],
			"faces": {
				"north": {"uv": [12, 9, 8, 10], "texture": "#all", "cullface": "up"},
				"east": {"uv": [11, 9, 12, 10], "texture": "#all", "cullface": "up"},
				"south": {"uv": [8, 9, 12, 10], "texture": "#all", "cullface": "up"},
				"west": {"uv": [8, 9, 9, 10], "texture": "#all", "cullface": "up"},
				"up": {"uv": [8, 9, 12, 10], "texture": "#all", "cullface": "up"}
			}
		},
		{

			"from": [4, 16, 5],
			"to": [5, 16.5, 6],
			"faces": {
				"north": {"uv": [4, 5, 5, 6], "texture": "#all", "cullface": "up"},
				"east": {"uv": [4, 5, 5, 6], "texture": "#all", "cullface": "up"},
				"west": {"uv": [4, 5, 5, 6], "texture": "#all", "cullface": "up"},
				"up": {"uv": [4, 5, 5, 6], "texture": "#all", "cullface": "up"}
			}
		},
		{
			
			"from": [7, 16, 8],
			"to": [8, 16.5, 9],
			"faces": {
				"north": {"uv": [7, 8, 8, 9], "texture": "#all", "cullface": "up"},
				"east": {"uv": [7, 8, 8, 9], "texture": "#all", "cullface": "up"},
				"south": {"uv": [7, 8, 8, 9], "texture": "#all", "cullface": "up"},
				"west": {"uv": [7, 8, 8, 9], "texture": "#all", "cullface": "up"},
				"up": {"uv": [7, 8, 8, 9], "texture": "#all", "cullface": "up"}
			}
		},
		{
			
			"from": [7, 16, 3],
			"to": [9, 16.5, 4],
			"faces": {
				"north": {"uv": [9, 3, 7, 4], "texture": "#all", "cullface": "up"},
				"east": {"uv": [8, 3, 9, 4], "texture": "#all", "cullface": "up"},
				"south": {"uv": [7, 3, 9, 4], "texture": "#all", "cullface": "up"},
				"west": {"uv": [7, 3, 8, 4], "texture": "#all", "cullface": "up"},
				"up": {"uv": [7, 3, 9, 4], "texture": "#all", "cullface": "up"}
			}
		},
		{
			
			"from": [9, 16, 8],
			"to": [11, 17, 9],
			"faces": {
				"north": {"uv": [11, 8, 9, 9], "texture": "#all", "cullface": "up"},
				"east": {"uv": [10, 8, 11, 9], "texture": "#all", "cullface": "up"},
				"west": {"uv": [9, 8, 10, 9], "texture": "#all", "cullface": "up"},
				"up": {"uv": [9, 8, 11, 9], "texture": "#all", "cullface": "up"}
			}
		},
		{
			
			"from": [4, 16, 10],
			"to": [6, 17, 11],
			"faces": {
				"north": {"uv": [4, 10, 6, 11], "texture": "#all", "cullface": "up"},
				"east": {"uv": [4, 10, 5, 11], "texture": "#all", "cullface": "up"},
				"west": {"uv": [5, 10, 6, 11], "texture": "#all", "cullface": "up"},
				"up": {"uv": [4, 10, 6, 11], "texture": "#all", "cullface": "up"}
			}
		},
		{
			
			"from": [3, 16, 11],
			"to": [8, 17, 12],
			"faces": {
				"north": {"uv": [8, 11, 3, 12], "texture": "#all", "cullface": "up"},
				"east": {"uv": [7, 11, 8, 12], "texture": "#all", "cullface": "up"},
				"south": {"uv": [3, 11, 8, 12], "texture": "#all", "cullface": "up"},
				"west": {"uv": [3, 11, 4, 12], "texture": "#all", "cullface": "up"},
				"up": {"uv": [3, 11, 8, 12], "texture": "#all", "cullface": "up"}
			}
		},
		{
			
			"from": [5, 16, 12],
			"to": [9, 16.5, 13],
			"faces": {
				"north": {"uv": [9, 12, 5, 13], "texture": "#all", "cullface": "up"},
				"east": {"uv": [8, 12, 9, 13], "texture": "#all", "cullface": "up"},
				"south": {"uv": [5, 12, 9, 13], "texture": "#all", "cullface": "up"},
				"west": {"uv": [5, 12, 6, 13], "texture": "#all", "cullface": "up"},
				"up": {"uv": [5, 13, 9, 12], "texture": "#all", "cullface": "up"}
			}
		},
		{
			
			"from": [2, 16, 6],
			"to": [6, 16.5, 7],
			"faces": {
				"north": {"uv": [6, 6, 2, 7], "texture": "#all", "cullface": "up"},
				"east": {"uv": [5, 6, 6, 7], "texture": "#all", "cullface": "up"},
				"south": {"uv": [2, 6, 6, 7], "texture": "#all", "cullface": "up"},
				"west": {"uv": [2, 6, 3, 7], "texture": "#all", "cullface": "up"},
				"up": {"uv": [2, 6, 6, 7], "texture": "#all", "cullface": "up"}
			}
		},
		{
			
			"from": [10, 16, 5],
			"to": [14, 16.5, 6],
			"faces": {
				"north": {"uv": [14, 5, 10, 6], "texture": "#all", "cullface": "up"},
				"east": {"uv": [13, 5, 14, 6], "texture": "#all", "cullface": "up"},
				"south": {"uv": [10, 5, 14, 6], "texture": "#all", "cullface": "up"},
				"west": {"uv": [10, 5, 11, 6], "texture": "#all", "cullface": "up"},
				"up": {"uv": [10, 5, 14, 6], "texture": "#all", "cullface": "up"}
			}
		},
		{
			
			"from": [9, 16, 6],
			"to": [12, 17, 7],
			"faces": {
				"north": {"uv": [12, 6, 9, 7], "texture": "#all", "cullface": "up"},
				"east": {"uv": [11, 6, 12, 7], "texture": "#all", "cullface": "up"},
				"south": {"uv": [9, 6, 12, 7], "texture": "#all", "cullface": "up"},
				"west": {"uv": [9, 6, 10, 7], "texture": "#all", "cullface": "up"},
				"up": {"uv": [9, 6, 12, 7], "texture": "#all", "cullface": "up"}
			}
		},
		{
			
			"from": [8, 6, 16],
			"to": [12, 7, 17],
			"faces": {
				"east": {"uv": [11, 9, 12, 10], "rotation": 270, "texture": "#all", "cullface": "south"},
				"south": {"uv": [8, 9, 12, 10], "texture": "#all", "cullface": "south"},
				"west": {"uv": [8, 9, 9, 10], "rotation": 90, "texture": "#all", "cullface": "south"},
				"up": {"uv": [8, 10, 12, 9], "texture": "#all", "cullface": "south"},
				"down": {"uv": [8, 9, 12, 10], "texture": "#all", "cullface": "south"}
			}
		},
		{
			
			"from": [4, 10, 16],
			"to": [5, 11, 16.5],
			"faces": {
				"east": {"uv": [4, 5, 5, 6], "rotation": 270, "texture": "#all", "cullface": "south"},
				"south": {"uv": [4, 5, 5, 6], "texture": "#all", "cullface": "south"},
				"west": {"uv": [4, 5, 5, 6], "rotation": 90, "texture": "#all", "cullface": "south"},
				"up": {"uv": [5, 6, 4, 5], "texture": "#all", "cullface": "south"}
			}
		},
		{
			
			"from": [7, 7, 16],
			"to": [8, 8, 16.5],
			"faces": {
				"east": {"uv": [7, 8, 8, 9], "rotation": 270, "texture": "#all", "cullface": "south"},
				"south": {"uv": [7, 8, 8, 9], "texture": "#all", "cullface": "south"},
				"west": {"uv": [7, 8, 8, 9], "rotation": 90, "texture": "#all", "cullface": "south"},
				"up": {"uv": [8, 9, 7, 8], "texture": "#all", "cullface": "south"},
				"down": {"uv": [7, 8, 8, 9], "texture": "#all", "cullface": "south"}
			}
		},
		{
			
			"from": [7, 12, 16],
			"to": [9, 13, 16.5],
			"faces": {
				"east": {"uv": [8, 3, 9, 4], "rotation": 270, "texture": "#all", "cullface": "south"},
				"south": {"uv": [7, 3, 9, 4], "texture": "#all", "cullface": "south"},
				"west": {"uv": [7, 3, 8, 4], "rotation": 90, "texture": "#all", "cullface": "south"},
				"up": {"uv": [7, 4, 9, 3], "texture": "#all", "cullface": "south"},
				"down": {"uv": [7, 3, 9, 4], "texture": "#all", "cullface": "south"}
			}
		},
		{
			
			"from": [9, 7, 16],
			"to": [11, 8, 17],
			"faces": {
				"east": {"uv": [10, 8, 11, 9], "rotation": 270, "texture": "#all", "cullface": "south"},
				"south": {"uv": [9, 8, 11, 9], "texture": "#all", "cullface": "south"},
				"west": {"uv": [9, 8, 10, 9], "rotation": 90, "texture": "#all", "cullface": "south"},
				"up": {"uv": [9, 9, 11, 8], "texture": "#all", "cullface": "south"}
			}
		},
		{
			
			"from": [4, 5, 16],
			"to": [6, 6, 17],
			"faces": {
				"east": {"uv": [4, 10, 5, 11], "rotation": 270, "texture": "#all", "cullface": "south"},
				"south": {"uv": [4, 10, 6, 11], "texture": "#all", "cullface": "south"},
				"west": {"uv": [5, 10, 6, 11], "rotation": 90, "texture": "#all", "cullface": "south"},
				"up": {"uv": [4, 11, 6, 10], "texture": "#all", "cullface": "south"}
			}
		},
		{
			
			"from": [3, 4, 16],
			"to": [8, 5, 17],
			"faces": {
				"east": {"uv": [7, 11, 8, 12], "rotation": 270, "texture": "#all", "cullface": "south"},
				"south": {"uv": [3, 11, 8, 12], "texture": "#all", "cullface": "south"},
				"west": {"uv": [3, 11, 4, 12], "rotation": 90, "texture": "#all", "cullface": "south"},
				"up": {"uv": [3, 12, 8, 11], "texture": "#all", "cullface": "south"},
				"down": {"uv": [3, 11, 8, 12], "texture": "#all", "cullface": "south"}
			}
		},
		{
			
			"from": [5, 3, 16],
			"to": [9, 4, 16.5],
			"faces": {
				"east": {"uv": [8, 12, 9, 13], "rotation": 270, "texture": "#all", "cullface": "south"},
				"south": {"uv": [5, 12, 9, 13], "texture": "#all", "cullface": "south"},
				"west": {"uv": [5, 12, 6, 13], "rotation": 90, "texture": "#all", "cullface": "south"},
				"up": {"uv": [5, 13, 9, 12], "texture": "#all", "cullface": "south"},
				"down": {"uv": [5, 12, 9, 13], "texture": "#all", "cullface": "south"}
			}
		},
		{
			
			"from": [2, 9, 16],
			"to": [6, 10, 16.5],
			"faces": {
				"east": {"uv": [5, 6, 6, 7], "rotation": 270, "texture": "#all", "cullface": "south"},
				"south": {"uv": [2, 6, 6, 7], "texture": "#all", "cullface": "south"},
				"west": {"uv": [2, 6, 3, 7], "rotation": 90, "texture": "#all", "cullface": "south"},
				"up": {"uv": [2, 7, 6, 6], "texture": "#all", "cullface": "south"},
				"down": {"uv": [2, 6, 6, 7], "texture": "#all", "cullface": "south"}
			}
		},
		{
			
			"from": [10, 10, 16],
			"to": [14, 11, 16.5],
			"faces": {
				"east": {"uv": [13, 5, 14, 6], "rotation": 270, "texture": "#all", "cullface": "south"},
				"south": {"uv": [10, 5, 14, 6], "texture": "#all", "cullface": "south"},
				"west": {"uv": [10, 5, 11, 6], "rotation": 90, "texture": "#all", "cullface": "south"},
				"up": {"uv": [10, 6, 14, 5], "texture": "#all", "cullface": "south"},
				"down": {"uv": [10, 5, 14, 6], "texture": "#all", "cullface": "south"}
			}
		},
		{
			
			"from": [9, 9, 16],
			"to": [12, 10, 17],
			"faces": {
				"east": {"uv": [11, 6, 12, 7], "rotation": 270, "texture": "#all", "cullface": "up"},
				"south": {"uv": [9, 6, 12, 7], "texture": "#all", "cullface": "south"},
				"west": {"uv": [9, 6, 10, 7], "rotation": 90, "texture": "#all", "cullface": "south"},
				"up": {"uv": [9, 7, 12, 6], "texture": "#all", "cullface": "south"},
				"down": {"uv": [9, 6, 12, 7], "texture": "#all", "cullface": "south"}
			}
		},
		{
			
			"from": [16, 6, 4],
			"to": [17, 7, 8],
			"faces": {
				"north": {"uv": [11, 9, 12, 10], "rotation": 270, "texture": "#all", "cullface": "east"},
				"east": {"uv": [8, 9, 12, 10], "texture": "#all", "cullface": "east"},
				"south": {"uv": [8, 9, 9, 10], "rotation": 90, "texture": "#all", "cullface": "east"},
				"up": {"uv": [8, 10, 12, 9], "rotation": 270, "texture": "#all", "cullface": "east"},
				"down": {"uv": [8, 9, 12, 10], "rotation": 90, "texture": "#all", "cullface": "east"}
			}
		},
		{
			
			"from": [16, 10, 11],
			"to": [16.5, 11, 12],
			"faces": {
				"north": {"uv": [4, 5, 5, 6], "rotation": 270, "texture": "#all", "cullface": "east"},
				"east": {"uv": [4, 5, 5, 6], "texture": "#all", "cullface": "east"},
				"south": {"uv": [4, 5, 5, 6], "rotation": 90, "texture": "#all", "cullface": "east"},
				"up": {"uv": [5, 6, 4, 5], "rotation": 270, "texture": "#all", "cullface": "east"}
			}
		},
		{
			
			"from": [16, 7, 8],
			"to": [16.5, 8, 9],
			"faces": {
				"north": {"uv": [7, 8, 8, 9], "rotation": 270, "texture": "#all", "cullface": "east"},
				"east": {"uv": [7, 8, 8, 9], "texture": "#all", "cullface": "east"},
				"south": {"uv": [7, 8, 8, 9], "rotation": 90, "texture": "#all", "cullface": "east"},
				"up": {"uv": [8, 9, 7, 8], "rotation": 270, "texture": "#all", "cullface": "east"},
				"down": {"uv": [7, 8, 8, 9], "rotation": 90, "texture": "#all", "cullface": "east"}
			}
		},
		{
			
			"from": [16, 12, 7],
			"to": [16.5, 13, 9],
			"faces": {
				"north": {"uv": [8, 3, 9, 4], "rotation": 270, "texture": "#all", "cullface": "east"},
				"east": {"uv": [7, 3, 9, 4], "texture": "#all", "cullface": "east"},
				"south": {"uv": [7, 3, 8, 4], "rotation": 90, "texture": "#all", "cullface": "east"},
				"up": {"uv": [7, 4, 9, 3], "rotation": 270, "texture": "#all", "cullface": "east"},
				"down": {"uv": [7, 3, 9, 4], "rotation": 90, "texture": "#all", "cullface": "east"}
			}
		},
		{
			
			"from": [16, 7, 5],
			"to": [17, 8, 7],
			"faces": {
				"north": {"uv": [10, 8, 11, 9], "rotation": 270, "texture": "#all", "cullface": "east"},
				"east": {"uv": [9, 8, 11, 9], "texture": "#all", "cullface": "east"},
				"south": {"uv": [9, 8, 10, 9], "rotation": 90, "texture": "#all", "cullface": "east"},
				"up": {"uv": [9, 9, 11, 8], "rotation": 270, "texture": "#all", "cullface": "east"}
			}
		},
		{
			
			"from": [16, 5, 10],
			"to": [17, 6, 12],
			"faces": {
				"north": {"uv": [4, 10, 5, 11], "rotation": 270, "texture": "#all", "cullface": "east"},
				"east": {"uv": [4, 10, 6, 11], "texture": "#all", "cullface": "east"},
				"south": {"uv": [5, 10, 6, 11], "rotation": 90, "texture": "#all", "cullface": "east"},
				"up": {"uv": [6, 11, 4, 10], "rotation": 270, "texture": "#all", "cullface": "east"}
			}
		},
		{
			
			"from": [16, 4, 8],
			"to": [17, 5, 13],
			"faces": {
				"north": {"uv": [7, 11, 8, 12], "rotation": 270, "texture": "#all", "cullface": "east"},
				"east": {"uv": [3, 11, 8, 12], "texture": "#all", "cullface": "east"},
				"south": {"uv": [3, 11, 4, 12], "rotation": 90, "texture": "#all", "cullface": "east"},
				"up": {"uv": [3, 12, 8, 11], "rotation": 270, "texture": "#all", "cullface": "east"},
				"down": {"uv": [3, 11, 8, 12], "rotation": 90, "texture": "#all", "cullface": "east"}
			}
		},
		{
			
			"from": [16, 3, 7],
			"to": [16.5, 4, 11],
			"faces": {
				"north": {"uv": [8, 12, 9, 13], "rotation": 270, "texture": "#all", "cullface": "east"},
				"east": {"uv": [5, 12, 9, 13], "texture": "#all", "cullface": "east"},
				"south": {"uv": [5, 12, 6, 13], "rotation": 90, "texture": "#all", "cullface": "east"},
				"up": {"uv": [5, 13, 9, 12], "rotation": 270, "texture": "#all", "cullface": "east"},
				"down": {"uv": [5, 12, 9, 13], "rotation": 90, "texture": "#all", "cullface": "east"}
			}
		},
		{
			
			"from": [16, 9, 10],
			"to": [16.5, 10, 14],
			"faces": {
				"north": {"uv": [5, 6, 6, 7], "rotation": 270, "texture": "#all", "cullface": "east"},
				"east": {"uv": [2, 6, 6, 7], "texture": "#all", "cullface": "east"},
				"south": {"uv": [2, 6, 3, 7], "rotation": 90, "texture": "#all", "cullface": "east"},
				"up": {"uv": [2, 7, 6, 6], "rotation": 270, "texture": "#all", "cullface": "east"},
				"down": {"uv": [2, 6, 6, 7], "rotation": 90, "texture": "#all", "cullface": "east"}
			}
		},
		{
			
			"from": [16, 10, 2],
			"to": [16.5, 11, 6],
			"faces": {
				"north": {"uv": [13, 5, 14, 6], "rotation": 270, "texture": "#all", "cullface": "east"},
				"east": {"uv": [10, 5, 14, 6], "texture": "#all", "cullface": "east"},
				"south": {"uv": [10, 5, 11, 6], "rotation": 90, "texture": "#all", "cullface": "east"},
				"up": {"uv": [10, 6, 14, 5], "rotation": 270, "texture": "#all", "cullface": "east"},
				"down": {"uv": [10, 5, 14, 6], "rotation": 90, "texture": "#all", "cullface": "east"}
			}
		},
		{
			
			"from": [16, 9, 4],
			"to": [17, 10, 7],
			"faces": {
				"north": {"uv": [11, 6, 12, 7], "rotation": 270, "texture": "#all", "cullface": "east"},
				"east": {"uv": [9, 6, 12, 7], "texture": "#all", "cullface": "east"},
				"south": {"uv": [9, 6, 10, 7], "rotation": 90, "texture": "#all", "cullface": "east"},
				"up": {"uv": [9, 7, 12, 6], "rotation": 270, "texture": "#all", "cullface": "east"},
				"down": {"uv": [9, 6, 12, 7], "rotation": 90, "texture": "#all", "cullface": "east"}
			}
		},
		{
			
			"from": [8, -1, 6],
			"to": [12, 0, 7],
			"faces": {
				"north": {"uv": [8, 9, 12, 10], "rotation": 180, "texture": "#all", "cullface": "down"},
				"east": {"uv": [8, 9, 9, 10], "rotation": 180, "texture": "#all", "cullface": "down"},
				"south": {"uv": [12, 9, 8, 10], "rotation": 180, "texture": "#all", "cullface": "down"},
				"west": {"uv": [11, 9, 12, 10], "rotation": 180, "texture": "#all", "cullface": "down"},
				"down": {"uv": [12, 10, 8, 9], "texture": "#all", "cullface": "down"}
			}
		},
		{
			
			"from": [4, -0.5, 10],
			"to": [5, 0, 11],
			"faces": {
				"east": {"uv": [4, 5, 5, 6], "rotation": 180, "texture": "#all", "cullface": "down"},
				"south": {"uv": [4, 5, 5, 6], "rotation": 180, "texture": "#all", "cullface": "down"},
				"west": {"uv": [4, 5, 5, 6], "rotation": 180, "texture": "#all", "cullface": "down"},
				"down": {"uv": [5, 6, 4, 5], "rotation": 180, "texture": "#all", "cullface": "down"}
			}
		},
		{
			
			"from": [7, -0.5, 7],
			"to": [8, 0, 8],
			"faces": {
				"north": {"uv": [7, 8, 8, 9], "rotation": 180, "texture": "#all", "cullface": "down"},
				"east": {"uv": [7, 8, 8, 9], "rotation": 180, "texture": "#all", "cullface": "down"},
				"south": {"uv": [7, 8, 8, 9], "rotation": 180, "texture": "#all", "cullface": "down"},
				"west": {"uv": [7, 8, 8, 9], "rotation": 180, "texture": "#all", "cullface": "down"},
				"down": {"uv": [8, 9, 7, 8], "rotation": 180, "texture": "#all", "cullface": "down"}
			}
		},
		{
			
			"from": [1, -0.5, 7],
			"to": [3, 0, 8],
			"faces": {
				"north": {"uv": [1, 8, 3, 9], "rotation": 180, "texture": "#all", "cullface": "down"},
				"east": {"uv": [2, 8, 3, 9], "rotation": 180, "texture": "#all", "cullface": "down"},
				"south": {"uv": [3, 8, 1, 9], "rotation": 180, "texture": "#all", "cullface": "down"},
				"west": {"uv": [1, 8, 2, 9], "rotation": 180, "texture": "#all", "cullface": "down"},
				"down": {"uv": [3, 9, 1, 8], "rotation": 180, "texture": "#all", "cullface": "down"}
			}
		},
		{
			
			"from": [7, -0.5, 12],
			"to": [9, 0, 13],
			"faces": {
				"north": {"uv": [11, 3, 13, 4], "rotation": 180, "texture": "#all", "cullface": "down"},
				"east": {"uv": [12, 3, 13, 4], "rotation": 180, "texture": "#all", "cullface": "down"},
				"south": {"uv": [13, 3, 11, 4], "rotation": 180, "texture": "#all", "cullface": "down"},
				"west": {"uv": [11, 3, 12, 4], "rotation": 180, "texture": "#all", "cullface": "down"},
				"down": {"uv": [13, 4, 11, 3], "rotation": 180, "texture": "#all", "cullface": "down"}
			}
		},
		{
			
			"from": [9, -1, 7],
			"to": [11, 0, 8],
			"faces": {
				"east": {"uv": [10, 8, 11, 9], "rotation": 180, "texture": "#all", "cullface": "down"},
				"south": {"uv": [11, 8, 9, 9], "rotation": 180, "texture": "#all", "cullface": "down"},
				"west": {"uv": [9, 8, 10, 9], "rotation": 180, "texture": "#all", "cullface": "down"},
				"down": {"uv": [11, 9, 9, 8], "rotation": 180, "texture": "#all", "cullface": "down"}
			}
		},
		{
			
			"from": [4, -1, 5],
			"to": [6, 0, 6],
			"faces": {
				"east": {"uv": [4, 10, 5, 11], "rotation": 180, "texture": "#all", "cullface": "down"},
				"south": {"uv": [4, 10, 6, 11], "rotation": 180, "texture": "#all", "cullface": "down"},
				"west": {"uv": [5, 10, 6, 11], "rotation": 180, "texture": "#all", "cullface": "down"},
				"down": {"uv": [6, 11, 4, 10], "rotation": 180, "texture": "#all", "cullface": "down"}
			}
		},
		{
			
			"from": [3, -1, 4],
			"to": [8, 0, 5],
			"faces": {
				"north": {"uv": [3, 11, 8, 12], "rotation": 180, "texture": "#all", "cullface": "down"},
				"east": {"uv": [7, 11, 8, 12], "rotation": 180, "texture": "#all", "cullface": "down"},
				"south": {"uv": [8, 11, 3, 12], "rotation": 180, "texture": "#all", "cullface": "down"},
				"west": {"uv": [3, 11, 4, 12], "rotation": 180, "texture": "#all", "cullface": "down"},
				"down": {"uv": [8, 12, 3, 11], "rotation": 180, "texture": "#all", "cullface": "down"}
			}
		},
		{
			
			"from": [5, -0.5, 3],
			"to": [9, 0, 4],
			"faces": {
				"north": {"uv": [5, 12, 9, 13], "rotation": 180, "texture": "#all", "cullface": "down"},
				"east": {"uv": [8, 12, 9, 13], "rotation": 180, "texture": "#all", "cullface": "down"},
				"south": {"uv": [9, 12, 5, 13], "rotation": 180, "texture": "#all", "cullface": "down"},
				"west": {"uv": [5, 12, 6, 13], "rotation": 180, "texture": "#all", "cullface": "down"},
				"down": {"uv": [9, 13, 5, 12], "rotation": 180, "texture": "#all", "cullface": "down"}
			}
		},
		{
			
			"from": [2, -0.5, 9],
			"to": [6, 0, 10],
			"faces": {
				"north": {"uv": [2, 6, 6, 7], "rotation": 180, "texture": "#all", "cullface": "down"},
				"east": {"uv": [5, 6, 6, 7], "rotation": 180, "texture": "#all", "cullface": "down"},
				"south": {"uv": [6, 6, 2, 7], "rotation": 180, "texture": "#all", "cullface": "down"},
				"west": {"uv": [2, 6, 3, 7], "rotation": 180, "texture": "#all", "cullface": "down"},
				"down": {"uv": [6, 7, 2, 6], "rotation": 180, "texture": "#all", "cullface": "down"}
			}
		},
		{
			
			"from": [10, -0.5, 10],
			"to": [14, 0, 11],
			"faces": {
				"north": {"uv": [10, 5, 14, 6], "rotation": 180, "texture": "#all", "cullface": "down"},
				"east": {"uv": [13, 5, 14, 6], "rotation": 180, "texture": "#all", "cullface": "down"},
				"south": {"uv": [14, 5, 10, 6], "rotation": 180, "texture": "#all", "cullface": "down"},
				"west": {"uv": [10, 5, 11, 6], "rotation": 180, "texture": "#all", "cullface": "down"},
				"down": {"uv": [14, 6, 10, 5], "rotation": 180, "texture": "#all", "cullface": "down"}
			}
		},
		{
			
			"from": [9, -1, 9],
			"to": [12, 0, 10],
			"faces": {
				"north": {"uv": [9, 6, 12, 7], "rotation": 180, "texture": "#all", "cullface": "down"},
				"east": {"uv": [11, 6, 12, 7], "rotation": 180, "texture": "#all", "cullface": "down"},
				"south": {"uv": [12, 6, 9, 7], "rotation": 180, "texture": "#all", "cullface": "down"},
				"west": {"uv": [9, 6, 10, 7], "rotation": 180, "texture": "#all", "cullface": "down"},
				"down": {"uv": [12, 7, 9, 6], "rotation": 180, "texture": "#all", "cullface": "down"}
			}
		},
		{
			
			"from": [4, 9, -1],
			"to": [7, 10, 0],
			"faces": {
				"north": {"uv": [9, 6, 12, 7], "texture": "#all", "cullface": "north"},
				"east": {"uv": [9, 6, 10, 7], "rotation": 90, "texture": "#all", "cullface": "south"},
				"west": {"uv": [11, 6, 12, 7], "rotation": 270, "texture": "#all", "cullface": "north"},
				"up": {"uv": [9, 7, 12, 6], "rotation": 180, "texture": "#all", "cullface": "north"},
				"down": {"uv": [9, 6, 12, 7], "rotation": 180, "texture": "#all", "cullface": "north"}
			}
		},
		{
			
			"from": [7, 12, -0.5],
			"to": [9, 13, 0],
			"faces": {
				"north": {"uv": [7, 3, 9, 4], "texture": "#all", "cullface": "north"},
				"east": {"uv": [7, 3, 8, 4], "rotation": 90, "texture": "#all", "cullface": "north"},
				"west": {"uv": [8, 3, 9, 4], "rotation": 270, "texture": "#all", "cullface": "north"},
				"up": {"uv": [7, 4, 9, 3], "rotation": 180, "texture": "#all", "cullface": "north"},
				"down": {"uv": [7, 3, 9, 4], "rotation": 180, "texture": "#all", "cullface": "north"}
			}
		},
		{
			
			"from": [5, 7, -1],
			"to": [7, 8, 0],
			"faces": {
				"north": {"uv": [9, 8, 11, 9], "texture": "#all", "cullface": "north"},
				"east": {"uv": [9, 8, 10, 9], "rotation": 90, "texture": "#all", "cullface": "north"},
				"west": {"uv": [10, 8, 11, 9], "rotation": 270, "texture": "#all", "cullface": "north"},
				"up": {"uv": [9, 9, 11, 8], "rotation": 180, "texture": "#all", "cullface": "north"}
			}
		},
		{
			
			"from": [10, 5, -1],
			"to": [12, 6, 0],
			"faces": {
				"north": {"uv": [4, 10, 6, 11], "texture": "#all", "cullface": "north"},
				"east": {"uv": [5, 10, 6, 11], "rotation": 90, "texture": "#all", "cullface": "north"},
				"west": {"uv": [4, 10, 5, 11], "rotation": 270, "texture": "#all", "cullface": "north"},
				"up": {"uv": [6, 11, 4, 10], "rotation": 180, "texture": "#all", "cullface": "north"}
			}
		},
		{
			
			"from": [8, 4, -1],
			"to": [13, 5, 0],
			"faces": {
				"north": {"uv": [3, 11, 8, 12], "texture": "#all", "cullface": "north"},
				"east": {"uv": [3, 11, 4, 12], "rotation": 90, "texture": "#all", "cullface": "north"},
				"west": {"uv": [7, 11, 8, 12], "rotation": 270, "texture": "#all", "cullface": "north"},
				"up": {"uv": [3, 12, 8, 11], "rotation": 180, "texture": "#all", "cullface": "north"},
				"down": {"uv": [3, 11, 8, 12], "rotation": 180, "texture": "#all", "cullface": "north"}
			}
		},
		{
			
			"from": [7, 3, -0.5],
			"to": [11, 4, 0],
			"faces": {
				"north": {"uv": [5, 12, 9, 13], "texture": "#all", "cullface": "north"},
				"east": {"uv": [5, 12, 6, 13], "rotation": 90, "texture": "#all", "cullface": "north"},
				"west": {"uv": [8, 12, 9, 13], "rotation": 270, "texture": "#all", "cullface": "north"},
				"up": {"uv": [5, 13, 9, 12], "rotation": 180, "texture": "#all", "cullface": "north"},
				"down": {"uv": [5, 12, 9, 13], "rotation": 180, "texture": "#all", "cullface": "north"}
			}
		},
		{
			
			"from": [10, 9, -0.5],
			"to": [14, 10, 0],
			"faces": {
				"north": {"uv": [2, 6, 6, 7], "texture": "#all", "cullface": "north"},
				"east": {"uv": [2, 6, 3, 7], "rotation": 90, "texture": "#all", "cullface": "north"},
				"west": {"uv": [5, 6, 6, 7], "rotation": 270, "texture": "#all", "cullface": "north"},
				"up": {"uv": [2, 7, 6, 6], "rotation": 180, "texture": "#all", "cullface": "north"},
				"down": {"uv": [2, 6, 6, 7], "rotation": 180, "texture": "#all", "cullface": "north"}
			}
		},
		{
			
			"from": [2, 10, -0.5],
			"to": [6, 11, 0],
			"faces": {
				"north": {"uv": [10, 5, 14, 6], "texture": "#all", "cullface": "north"},
				"east": {"uv": [10, 5, 11, 6], "rotation": 90, "texture": "#all", "cullface": "north"},
				"west": {"uv": [13, 5, 14, 6], "rotation": 270, "texture": "#all", "cullface": "north"},
				"up": {"uv": [10, 6, 14, 5], "rotation": 180, "texture": "#all", "cullface": "north"},
				"down": {"uv": [10, 5, 14, 6], "rotation": 180, "texture": "#all", "cullface": "north"}
			}
		},
		{
			
			"from": [8, 7, -0.5],
			"to": [9, 8, 0],
			"faces": {
				"north": {"uv": [7, 8, 8, 9], "texture": "#all", "cullface": "north"},
				"east": {"uv": [7, 8, 8, 9], "rotation": 90, "texture": "#all", "cullface": "north"},
				"west": {"uv": [7, 8, 8, 9], "rotation": 270, "texture": "#all", "cullface": "north"},
				"up": {"uv": [8, 9, 7, 8], "rotation": 180, "texture": "#all", "cullface": "north"},
				"down": {"uv": [7, 8, 8, 9], "rotation": 180, "texture": "#all", "cullface": "north"}
			}
		},
		{
			
			"from": [11, 10, -0.5],
			"to": [12, 11, 0],
			"faces": {
				"north": {"uv": [4, 5, 5, 6], "texture": "#all", "cullface": "north"},
				"east": {"uv": [4, 5, 5, 6], "rotation": 90, "texture": "#all", "cullface": "north"},
				"west": {"uv": [4, 5, 5, 6], "rotation": 270, "texture": "#all", "cullface": "north"},
				"up": {"uv": [5, 6, 4, 5], "rotation": 180, "texture": "#all", "cullface": "north"}
			}
		},
		{
			
			"from": [4, 6, -1],
			"to": [8, 7, 0],
			"faces": {
				"north": {"uv": [8, 9, 12, 10], "texture": "#all", "cullface": "north"},
				"east": {"uv": [8, 9, 9, 10], "rotation": 90, "texture": "#all", "cullface": "north"},
				"west": {"uv": [11, 9, 12, 10], "rotation": 270, "texture": "#all", "cullface": "north"},
				"up": {"uv": [8, 10, 12, 9], "rotation": 180, "texture": "#all", "cullface": "north"},
				"down": {"uv": [8, 9, 12, 10], "rotation": 180, "texture": "#all", "cullface": "north"}
			}
		}
	]
}