{
	"__comment": "Created by _GrandMagus_",
	"textures": {
		"particle": "block/composter_compost",
		"inside": "block/composter_compost",
		"side": "block/composter_side"
	},
	"elements": [
		{
			"from": [ 2, 0, 2 ],
			"to": [ 14, 3, 14 ],
			"faces": {
				"up": { "uv": [ 2, 2, 14, 14 ], "texture": "#inside", "cullface": "up" },
				"north": { "uv": [ 2, 13, 14, 16 ], "texture": "#side", "cullface": "north" },
				"south": { "uv": [ 2, 13, 14, 16 ], "texture": "#side", "cullface": "south" },
				"west": { "uv": [ 2, 13, 14, 16 ], "texture": "#side", "cullface": "west" },
				"east": { "uv": [ 2, 13, 14, 16 ], "texture": "#side", "cullface": "east" }
			}
		}
	]
}