{
	"credit": "Made with Blockbench",
	"ambientocclusion": false,
	"textures": {
		"side": "block/crimson_door_side",
		"particle": "block/crimson_door_top",
		"top": "block/crimson_door_top"
	},
	"elements": [
		{
			"name": "Cube3",
			"from": [-1, 0, 2],
			"to": [0, 2, 5],
			"faces": {
				"north": {"uv": [13, 14, 14, 16], "texture": "#top", "cullface": "west"},
				"south": {"uv": [11, 14, 12, 16], "texture": "#top", "cullface": "west"},
				"west": {"uv": [14, 14, 11, 16], "texture": "#top", "cullface": "west"},
				"up": {"uv": [11, 14, 14, 15], "rotation": 270, "texture": "#top", "cullface": "west"},
				"down": {"uv": [11, 14, 14, 15], "rotation": 90, "texture": "#top", "cullface": "west"}
			}
		},
		{
			"name": "Cube4",
			"from": [-1, 6, 0],
			"to": [0, 11, 16],
			"faces": {
				"north": {"uv": [15, 5, 16, 10], "texture": "#top", "cullface": "west"},
				"south": {"uv": [0, 5, 1, 10], "texture": "#top", "cullface": "west"},
				"west": {"uv": [16, 5, 0, 10], "texture": "#top", "cullface": "west"},
				"up": {"uv": [0, 5, 16, 6], "rotation": 270, "texture": "#top", "cullface": "west"},
				"down": {"uv": [0, 9, 16, 10], "rotation": 90, "texture": "#top", "cullface": "west"}
			}
		},
		{
			"name": "Cube5",
			"from": [3, 6, 0],
			"to": [4, 11, 16],
			"faces": {
				"north": {"uv": [15, 5, 16, 10], "texture": "#top"},
				"east": {"uv": [0, 5, 16, 10], "texture": "#top"},
				"south": {"uv": [0, 5, 1, 10], "texture": "#top"},
				"up": {"uv": [0, 5, 16, 6], "rotation": 270, "texture": "#top"},
				"down": {"uv": [0, 9, 16, 10], "rotation": 90, "texture": "#top"}
			}
		},
		{
			"name": "Cube2",
			"from": [0, 0, 0],
			"to": [3, 16, 16],
			"faces": {
				"north": {"uv": [6, 0, 9, 16], "texture": "#side", "cullface": "north"},
				"east": {"uv": [0, 0, 16, 16], "texture": "#top"},
				"south": {"uv": [0, 0, 3, 16], "texture": "#side", "cullface": "south"},
				"west": {"uv": [16, 0, 0, 16], "texture": "#top", "cullface": "west"},
				"up": {"uv": [13, 0, 16, 16], "texture": "#side"}
			}
		},
		{
			"name": "Cube3",
			"from": [3, 0, 2],
			"to": [4, 2, 5],
			"faces": {
				"north": {"uv": [13, 14, 14, 16], "texture": "#top"},
				"east": {"uv": [11, 14, 14, 16], "texture": "#top"},
				"south": {"uv": [11, 14, 12, 16], "texture": "#top"},
				"up": {"uv": [11, 14, 14, 15], "rotation": 270, "texture": "#top"},
				"down": {"uv": [11, 14, 14, 15], "rotation": 90, "texture": "#top"}
			}
		}
	]
}