{
	"credit": "Made with Blockbench",
	"ambientocclusion": false,
	"textures": {
		"particle": "block/crimson_door_bottom",
		"bottom": "block/crimson_door_bottom",
		"side": "block/crimson_door_side"
	},
	"elements": [
		{
			"from": [0, 0, 0],
			"to": [3, 16, 16],
			"faces": {
				"north": {"uv": [9, 0, 6, 16], "texture": "#side", "cullface": "north"},
				"east": {"uv": [0, 0, 16, 16], "texture": "#bottom"},
				"south": {"uv": [3, 0, 6, 16], "texture": "#side", "cullface": "south"},
				"west": {"uv": [16, 0, 0, 16], "texture": "#bottom", "cullface": "west"},
				"down": {"uv": [10, 0, 13, 16], "texture": "#side", "cullface": "down"}
			}
		},
		{
			"from": [-1, 6, 0],
			"to": [0, 11, 16],
			"faces": {
				"north": {"uv": [16, 5, 15, 10], "texture": "#bottom", "cullface": "west"},
				"south": {"uv": [0, 5, 1, 10], "texture": "#bottom", "cullface": "west"},
				"west": {"uv": [16, 5, 0, 10], "texture": "#bottom", "cullface": "west"},
				"up": {"uv": [0, 5, 16, 6], "rotation": 270, "texture": "#bottom", "cullface": "west"},
				"down": {"uv": [0, 9, 16, 10], "rotation": 90, "texture": "#bottom", "cullface": "west"}
			}
		},
		{
			"from": [3, 6, 0],
			"to": [4, 11, 16],
			"faces": {
				"north": {"uv": [16, 5, 15, 10], "texture": "#bottom"},
				"east": {"uv": [0, 5, 16, 10], "texture": "#bottom"},
				"south": {"uv": [0, 5, 1, 10], "texture": "#bottom"},
				"up": {"uv": [0, 5, 16, 6], "rotation": 270, "texture": "#bottom"},
				"down": {"uv": [0, 9, 16, 10], "rotation": 90, "texture": "#bottom"}
			}
		}
	]
}