{
	"credit": "Made with Blockbench",
	"parent": "block/template_trapdoor_bottom",
	"textures": {
		"particle": "block/dark_oak_trapdoor",
		"texture": "block/dark_oak_trapdoor",
		"side": "block/dark_oak_trapdoor_side"
	},
	"elements": [
		{
			"name": "Cube1",
			"from": [0, 13, 2],
			"to": [2, 16, 14],
			"faces": {
				"east": {"uv": [14, 2, 15, 14], "rotation": 270, "texture": "#texture"},
				"west": {"uv": [2, 0, 14, 3], "texture": "#side", "cullface": "east"},
				"up": {"uv": [14, 2, 16, 14], "rotation": 180, "texture": "#texture", "cullface": "up"},
				"down": {"uv": [14, 14, 16, 2], "rotation": 180, "texture": "#texture"}
			}
		},
		{
			"name": "Cube1",
			"from": [0, 13, 0],
			"to": [16, 16, 2],
			"faces": {
				"north": {"uv": [0, 0, 16, 3], "texture": "#side", "cullface": "south"},
				"east": {"uv": [14, 0, 16, 3], "texture": "#side", "cullface": "west"},
				"south": {"uv": [16, 14, 0, 15], "texture": "#texture"},
				"west": {"uv": [0, 0, 2, 3], "texture": "#side", "cullface": "east"},
				"up": {"uv": [0, 14, 16, 16], "rotation": 180, "texture": "#texture", "cullface": "up"},
				"down": {"uv": [0, 16, 16, 14], "rotation": 180, "texture": "#texture"}
			}
		},
		{
			"name": "Cube1",
			"from": [14, 13, 2],
			"to": [16, 16, 14],
			"faces": {
				"east": {"uv": [2, 0, 14, 3], "texture": "#side", "cullface": "west"},
				"west": {"uv": [1, 2, 2, 14], "rotation": 90, "texture": "#texture"},
				"up": {"uv": [0, 2, 2, 14], "rotation": 180, "texture": "#texture", "cullface": "up"},
				"down": {"uv": [0, 14, 2, 2], "rotation": 180, "texture": "#texture"}
			}
		},
		{
			"name": "Cube1",
			"from": [0, 13, 14],
			"to": [16, 16, 16],
			"faces": {
				"north": {"uv": [0, 1, 16, 2], "texture": "#texture"},
				"east": {"uv": [0, 0, 2, 3], "texture": "#side", "cullface": "west"},
				"south": {"uv": [0, 0, 16, 3], "texture": "#side", "cullface": "north"},
				"west": {"uv": [14, 0, 16, 3], "texture": "#side", "cullface": "east"},
				"up": {"uv": [0, 0, 16, 2], "rotation": 180, "texture": "#texture", "cullface": "up"},
				"down": {"uv": [0, 2, 16, 0], "rotation": 180, "texture": "#texture"}
			}
		},
		{
			"name": "Cube1",
			"from": [2, 14, 2],
			"to": [6, 15, 6],
			"faces": {
				"up": {"uv": [10, 10, 14, 14], "rotation": 180, "texture": "#texture", "cullface": "up"},
				"down": {"uv": [10, 2, 14, 6], "rotation": 180, "texture": "#texture"}
			}
		},
		{
			"name": "Cube1",
			"from": [6, 13, 2],
			"to": [10, 16, 14],
			"faces": {
				"east": {"uv": [6, 2, 7, 14], "rotation": 90, "texture": "#texture"},
				"west": {"uv": [9, 2, 10, 14], "rotation": 90, "texture": "#texture"},
				"up": {"uv": [6, 2, 10, 14], "rotation": 180, "texture": "#texture", "cullface": "up"},
				"down": {"uv": [6, 14, 10, 2], "rotation": 180, "texture": "#texture"}
			}
		},
		{
			"name": "Cube1",
			"from": [2, 13, 6],
			"to": [14, 16, 10],
			"faces": {
				"north": {"uv": [2, 9, 14, 10], "texture": "#texture"},
				"south": {"uv": [14, 6, 2, 7], "texture": "#texture"},
				"up": {"uv": [2, 6, 14, 10], "rotation": 180, "texture": "#texture", "cullface": "up"},
				"down": {"uv": [2, 10, 14, 6], "rotation": 180, "texture": "#texture"}
			}
		},
		{
			"name": "Cube1",
			"from": [10, 14, 10],
			"to": [14, 15, 14],
			"faces": {
				"north": {"uv": [2, 1, 6, 2], "texture": "#texture"},
				"east": {"uv": [2, 1, 6, 2], "texture": "#side", "cullface": "west"},
				"south": {"uv": [10, 1, 14, 2], "texture": "#side", "cullface": "north"},
				"west": {"uv": [10, 1, 14, 2], "texture": "#side", "cullface": "east"},
				"up": {"uv": [2, 2, 6, 6], "rotation": 180, "texture": "#texture"},
				"down": {"uv": [2, 10, 6, 14], "rotation": 180, "texture": "#texture"}
			}
		},
		{
			"name": "Cube1",
			"from": [10, 14, 10],
			"to": [14, 15, 14],
			"faces": {
				"up": {"uv": [2, 2, 6, 6], "rotation": 180, "texture": "#texture", "cullface": "up"},
				"down": {"uv": [2, 10, 6, 14], "rotation": 180, "texture": "#texture"}
			}
		},
		{
			"name": "Cube1",
			"from": [2, 14, 10],
			"to": [6, 15, 14],
			"faces": {
				"up": {"uv": [10, 2, 14, 6], "rotation": 180, "texture": "#texture", "cullface": "up"},
				"down": {"uv": [10, 10, 14, 14], "rotation": 180, "texture": "#texture"}
			}
		},
		{
			"name": "Cube1",
			"from": [10, 14, 2],
			"to": [14, 15, 6],
			"faces": {
				"up": {"uv": [2, 10, 6, 14], "rotation": 180, "texture": "#texture", "cullface": "up"},
				"down": {"uv": [2, 2, 6, 6], "rotation": 180, "texture": "#texture"}
			}
		}
	]
}