{
	"__comment": "Designed by Cm@BlackSpigotMC with Cubik Studio - https://cubik.studio",
	"parent": "block/door_top",
	"textures": {
		"bottom": "block/dark_oak_door_bottom",
		"top": "block/dark_oak_door_top",
		"side": "block/dark_oak_door_side"
	},
	"elements": [
		{
			"__comment": "Cube1",
			"from": [ 0, 0, 0 ],
			"to": [ 3, 3, 16 ],
			"faces": {
				"down": { "uv": [ 0, 15, 16, 16 ], "texture": "#bottom", "cullface": "down", "rotation": 90 },
				"up": { "uv": [ 0, 13, 16, 14 ], "texture": "#bottom", "rotation": 270 },
				"north": { "uv": [ 6, 3, 9, 0 ], "texture": "#side", "cullface": "north" },
				"south": { "uv": [ 3, 13, 6, 16 ], "texture": "#side", "cullface": "south" },
				"west": { "uv": [ 16, 13, 0, 16 ], "texture": "#bottom", "cullface": "west" },
				"east": { "uv": [ 0, 13, 16, 16 ], "texture": "#bottom" }
			}
		},
		{
			"__comment": "Cube1",
			"from": [ 1, 3, 3 ],
			"to": [ 2, 14, 6 ],
			"faces": {
				"west": { "uv": [ 10, 2, 13, 13 ], "texture": "#bottom", "cullface": "west" },
				"east": { "uv": [ 6, 2, 3, 13 ], "texture": "#bottom" }
			}
		},
		{
			"__comment": "Cube1",
			"from": [ 0, 3, 0 ],
			"to": [ 3, 14, 3 ],
			"faces": {
				"north": { "uv": [ 6, 14, 9, 2 ], "texture": "#side", "cullface": "north" },
				"south": { "uv": [ 6, 2, 7, 13 ], "texture": "#bottom" },
				"west": { "uv": [ 16, 2, 13, 13 ], "texture": "#bottom", "cullface": "west" },
				"east": { "uv": [ 13, 2, 16, 13 ], "texture": "#bottom" }
			}
		},
		{
			"__comment": "Cube1",
			"from": [ 0, 3, 6 ],
			"to": [ 3, 14, 10 ],
			"faces": {
				"north": { "uv": [ 9, 2, 10, 13 ], "texture": "#bottom" },
				"south": { "uv": [ 6, 2, 7, 13 ], "texture": "#bottom" },
				"west": { "uv": [ 10, 2, 6, 13 ], "texture": "#bottom", "cullface": "west" },
				"east": { "uv": [ 6, 2, 10, 13 ], "texture": "#bottom" }
			}
		},
		{
			"__comment": "Cube1",
			"from": [ 0, 3, 13 ],
			"to": [ 3, 14, 16 ],
			"faces": {
				"north": { "uv": [ 9, 2, 10, 13 ], "texture": "#bottom" },
				"south": { "uv": [ 3, 2, 6, 13 ], "texture": "#side", "cullface": "south" },
				"west": { "uv": [ 3, 2, 0, 13 ], "texture": "#bottom", "cullface": "west" },
				"east": { "uv": [ 0, 2, 3, 13 ], "texture": "#bottom" }
			}
		},
		{
			"__comment": "Cube1",
			"from": [ 1, 3, 10 ],
			"to": [ 2, 14, 13 ],
			"faces": {
				"west": { "uv": [ 3, 2, 6, 13 ], "texture": "#bottom", "cullface": "west" },
				"east": { "uv": [ 13, 2, 10, 13 ], "texture": "#bottom" }
			}
		},
		{
			"__comment": "Cube1",
			"from": [ 0, 14, 0 ],
			"to": [ 3, 16, 16 ],
			"faces": {
				"down": { "uv": [ 0, 1, 16, 2 ], "texture": "#bottom", "rotation": 270 },
				"north": { "uv": [ 6, 16, 9, 14 ], "texture": "#side", "cullface": "north" },
				"south": { "uv": [ 3, 0, 6, 2 ], "texture": "#side", "cullface": "south" },
				"west": { "uv": [ 16, 0, 0, 2 ], "texture": "#bottom", "cullface": "west" },
				"east": { "uv": [ 0, 0, 16, 2 ], "texture": "#bottom" }
			}
		},
		{
			"__comment": "Cube1",
			"from": [ -1, 15, 4 ],
			"to": [ 0, 16, 5 ],
			"faces": {
				"down": { "uv": [ 11, 0, 12, 1 ], "texture": "#bottom", "cullface": "west", "rotation": 270 },
				"north": { "uv": [ 11, 0, 12, 1 ], "texture": "#bottom", "cullface": "west" },
				"south": { "uv": [ 11, 0, 12, 1 ], "texture": "#bottom", "cullface": "west" },
				"west": { "uv": [ 11, 0, 12, 1 ], "texture": "#bottom", "cullface": "west" }
			}
		},
		{
			"__comment": "Cube1",
			"from": [ 3, 15, 4 ],
			"to": [ 4, 16, 5 ],
			"faces": {
				"down": { "uv": [ 11, 0, 12, 1 ], "texture": "#bottom", "rotation": 270 },
				"north": { "uv": [ 11, 0, 12, 1 ], "texture": "#bottom" },
				"south": { "uv": [ 11, 0, 12, 1 ], "texture": "#bottom" },
				"east": { "uv": [ 12, 0, 11, 1 ], "texture": "#bottom" }
			}
		}
	]
}