{
	"credit": "Made with Blockbench",
	"parent": "block/template_trapdoor_bottom",
	"textures": {
		"particle": "block/dark_oak_trapdoor",
		"texture": "block/dark_oak_trapdoor",
		"side": "block/dark_oak_trapdoor_side"
	},
	"elements": [
		{
			"name": "Cube1",
			"from": [14, 2, 13],
			"to": [16, 14, 16],
			"faces": {
				"north": {"uv": [16, 2, 14, 14], "texture": "#texture"},
				"east": {"uv": [2, 0, 14, 3], "rotation": 90, "texture": "#side", "cullface": "east"},
				"south": {"uv": [14, 2, 16, 14], "texture": "#texture", "cullface": "south"},
				"west": {"uv": [14, 2, 15, 14], "rotation": 180, "texture": "#texture"}
			}
		},
		{
			"name": "Cube1",
			"from": [0, 14, 13],
			"to": [16, 16, 16],
			"faces": {
				"north": {"uv": [16, 0, 0, 2], "texture": "#texture"},
				"east": {"uv": [0, 0, 2, 3], "rotation": 90, "texture": "#side", "cullface": "east"},
				"south": {"uv": [16, 0, 0, 2], "texture": "#texture", "cullface": "south"},
				"west": {"uv": [14, 0, 16, 3], "rotation": 270, "texture": "#side", "cullface": "west"},
				"up": {"uv": [0, 0, 16, 3], "texture": "#side", "cullface": "up"},
				"down": {"uv": [0, 15, 16, 14], "texture": "#texture"}
			}
		},
		{
			"name": "Cube1",
			"from": [0, 2, 13],
			"to": [2, 14, 16],
			"faces": {
				"north": {"uv": [2, 2.5, 0, 14.5], "texture": "#texture"},
				"east": {"uv": [1, 2, 2, 14], "rotation": 180, "texture": "#texture"},
				"south": {"uv": [0, 2, 2, 14], "texture": "#texture", "cullface": "south"},
				"west": {"uv": [2, 0, 14, 3], "rotation": 270, "texture": "#side", "cullface": "west"}
			}
		},
		{
			"name": "Cube1",
			"from": [0, 0, 13],
			"to": [16, 2, 16],
			"faces": {
				"north": {"uv": [16, 14, 0, 16], "texture": "#texture"},
				"east": {"uv": [14, 0, 16, 3], "rotation": 90, "texture": "#side", "cullface": "east"},
				"south": {"uv": [0, 14, 16, 16], "texture": "#texture", "cullface": "south"},
				"west": {"uv": [0, 0, 2, 3], "rotation": 270, "texture": "#side", "cullface": "west"},
				"up": {"uv": [0, 1, 16, 2], "texture": "#texture"},
				"down": {"uv": [16, 3, 0, 0], "texture": "#side", "cullface": "north"}
			}
		},
		{
			"name": "Cube1",
			"from": [10, 10, 14],
			"to": [14, 14, 15],
			"faces": {
				"north": {"uv": [14, 10, 10, 14], "texture": "#texture"},
				"south": {"uv": [10, 2, 14, 6], "texture": "#texture", "cullface": "south"}
			}
		},
		{
			"name": "Cube1",
			"from": [6, 2, 13],
			"to": [10, 14, 16],
			"faces": {
				"north": {"uv": [10, 2, 6, 14], "texture": "#texture"},
				"east": {"uv": [9, 2, 10, 14], "rotation": 180, "texture": "#texture"},
				"south": {"uv": [6, 2, 10, 14], "texture": "#texture", "cullface": "south"},
				"west": {"uv": [6, 2, 7, 14], "texture": "#texture"}
			}
		},
		{
			"name": "Cube1",
			"from": [2, 6, 13],
			"to": [14, 10, 16],
			"faces": {
				"north": {"uv": [14, 6, 2, 10], "texture": "#texture"},
				"south": {"uv": [2, 6, 14, 10], "texture": "#texture", "cullface": "south"},
				"up": {"uv": [2, 9, 14, 10], "texture": "#texture"},
				"down": {"uv": [2, 7, 14, 6], "texture": "#texture"}
			}
		},
		{
			"name": "Cube1",
			"from": [2, 2, 14],
			"to": [6, 6, 15],
			"faces": {
				"north": {"uv": [6, 10, 2, 14], "texture": "#texture"},
				"south": {"uv": [2, 10, 6, 14], "texture": "#texture"}
			}
		},
		{
			"name": "Cube1",
			"from": [10, 2, 14],
			"to": [14, 6, 15],
			"faces": {
				"north": {"uv": [14, 2, 10, 6], "texture": "#texture"},
				"south": {"uv": [10, 10, 14, 14], "texture": "#texture", "cullface": "south"}
			}
		},
		{
			"name": "Cube1",
			"from": [2, 10, 14],
			"to": [6, 14, 15],
			"faces": {
				"north": {"uv": [6, 10, 2, 14], "texture": "#texture"},
				"south": {"uv": [2, 2, 6, 6], "texture": "#texture", "cullface": "south"}
			}
		}
	]
}