{
	"__comment": "Designed by Cm@BlackSpigotMC with Cubik Studio - https://cubik.studio",
	"parent": "block/door_top",
	"textures": {
		"bottom": "block/dark_oak_door_bottom",
		"top": "block/dark_oak_door_top",
		"side": "block/dark_oak_door_side"
	},
	"elements": [
		{
			"__comment": "Cube1",
			"from": [ 0, 13, 0 ],
			"to": [ 3, 16, 16 ],
			"faces": {
				"down": { "uv": [ 6, 0, 9, 16 ], "texture": "#side" },
				"up": { "uv": [ 13, 16, 16, 0 ], "texture": "#side", "cullface": "up" },
				"north": { "uv": [ 0, 0, 3, 3 ], "texture": "#side", "cullface": "north" },
				"south": { "uv": [ 6, 0, 9, 3 ], "texture": "#side", "cullface": "south" },
				"west": { "uv": [ 0, 0, 16, 3 ], "texture": "#top", "cullface": "west" },
				"east": { "uv": [ 16, 0, 0, 3 ], "texture": "#top" }
			}
		},
		{
			"__comment": "Cube1",
			"from": [ -1, 0, 11 ],
			"to": [ 0, 1, 14 ],
			"faces": {
				"down": { "uv": [ 11, 15, 14, 16 ], "texture": "#top", "cullface": "west", "rotation": 270 },
				"up": { "uv": [ 14, 15, 11, 16 ], "texture": "#top", "cullface": "west", "rotation": 270 },
				"north": { "uv": [ 11, 15, 12, 16 ], "texture": "#top", "cullface": "west" },
				"south": { "uv": [ 13, 15, 14, 16 ], "texture": "#top", "cullface": "west" },
				"west": { "uv": [ 11, 15, 14, 16 ], "texture": "#top", "cullface": "west" }
			}
		},
		{
			"__comment": "Cube1",
			"from": [ 1, 2, 3 ],
			"to": [ 2, 13, 6 ],
			"faces": {
				"west": { "uv": [ 3, 3, 6, 14 ], "texture": "#top", "cullface": "west" },
				"east": { "uv": [ 10, 3, 13, 14 ], "texture": "#top" }
			}
		},
		{
			"__comment": "Cube1",
			"from": [ 0, 2, 0 ],
			"to": [ 3, 13, 3 ],
			"faces": {
				"north": { "uv": [ 0, 3, 3, 14 ], "texture": "#side", "cullface": "north" },
				"south": { "uv": [ 2, 3, 3, 14 ], "texture": "#top" },
				"west": { "uv": [ 0, 3, 3, 14 ], "texture": "#top", "cullface": "west" },
				"east": { "uv": [ 3, 3, 0, 14 ], "texture": "#top" }
			}
		},
		{
			"__comment": "Cube1",
			"from": [ 0, 2, 6 ],
			"to": [ 3, 13, 10 ],
			"faces": {
				"north": { "uv": [ 6, 3, 7, 14 ], "texture": "#top" },
				"south": { "uv": [ 9, 3, 10, 14 ], "texture": "#top" },
				"west": { "uv": [ 6, 3, 10, 14 ], "texture": "#top", "cullface": "west" },
				"east": { "uv": [ 10, 3, 6, 14 ], "texture": "#top" }
			}
		},
		{
			"__comment": "Cube1",
			"from": [ 0, 2, 13 ],
			"to": [ 3, 13, 16 ],
			"faces": {
				"north": { "uv": [ 13, 3, 14, 14 ], "texture": "#top" },
				"south": { "uv": [ 6, 3, 9, 14 ], "texture": "#side", "cullface": "south" },
				"west": { "uv": [ 13, 3, 16, 14 ], "texture": "#top", "cullface": "west" },
				"east": { "uv": [ 16, 3, 13, 14 ], "texture": "#top" }
			}
		},
		{
			"__comment": "Cube1",
			"from": [ 1, 2, 10 ],
			"to": [ 2, 13, 13 ],
			"faces": {
				"west": { "uv": [ 10, 3, 13, 14 ], "texture": "#top", "cullface": "west" },
				"east": { "uv": [ 3, 3, 6, 14 ], "texture": "#top" }
			}
		},
		{
			"__comment": "Cube1",
			"from": [ 0, 0, 0 ],
			"to": [ 3, 2, 16 ],
			"faces": {
				"up": { "uv": [ 0, 14, 16, 15 ], "texture": "#top", "rotation": 90 },
				"north": { "uv": [ 0, 14, 3, 16 ], "texture": "#side", "cullface": "north" },
				"south": { "uv": [ 6, 14, 9, 16 ], "texture": "#side", "cullface": "south" },
				"west": { "uv": [ 0, 14, 16, 16 ], "texture": "#top", "cullface": "west" },
				"east": { "uv": [ 16, 14, 0, 16 ], "texture": "#top" }
			}
		},
		{
			"__comment": "Cube1",
			"from": [ 3, 0, 11 ],
			"to": [ 4, 1, 14 ],
			"faces": {
				"down": { "uv": [ 11, 15, 14, 16 ], "texture": "#top", "cullface": "down", "rotation": 270 },
				"up": { "uv": [ 14, 15, 11, 16 ], "texture": "#top", "rotation": 270 },
				"north": { "uv": [ 11, 15, 12, 16 ], "texture": "#top" },
				"south": { "uv": [ 13, 15, 14, 16 ], "texture": "#top" },
				"east": { "uv": [ 14, 15, 11, 16 ], "texture": "#top" }
			}
		}
	]
}