{
	"credit": "Made with Blockbench",
	"ambientocclusion": false,
	"textures": {
		"2": "block/fern_notint",
		"particle": "block/fern",
		"cross": "block/fern",
		"2_big": "block/fern_flat"
	},
	"elements": [
		{
			"from": [0.8, 0, 8],
			"to": [15.2, 16, 8.001],
			"shade": false,
			"rotation": {"angle": 45, "axis": "y", "origin": [8, 8, 8], "rescale": true},
			"faces": {
				"north": {"uv": [0, 0, 16, 16], "texture": "#cross", "tintindex": 0},
				"south": {"uv": [0, 0, 16, 16], "texture": "#cross", "tintindex": 0}
			}
		},
		{
			"from": [0.8, 0, 8],
			"to": [15.2, 16, 8.001],
			"shade": false,
			"rotation": {"angle": 45, "axis": "y", "origin": [8, 8, 8], "rescale": true},
			"faces": {
				"north": {"uv": [0, 0, 16, 16], "texture": "#2"},
				"east": {"uv": [0, 0, 0, 0], "texture": "#2"},
				"south": {"uv": [0, 0, 16, 16], "texture": "#2"},
				"west": {"uv": [0, 0, 0, 0], "texture": "#2"},
				"up": {"uv": [0, 0, 0, 0], "texture": "#2"},
				"down": {"uv": [0, 0, 0, 0], "texture": "#2"}
			}
		},
		{
			"from": [8, 0, 0.8],
			"to": [8.001, 16, 15.2],
			"shade": false,
			"rotation": {"angle": 45, "axis": "y", "origin": [8, 8, 8], "rescale": true},
			"faces": {
				"east": {"uv": [0, 0, 16, 16], "texture": "#cross", "tintindex": 0},
				"west": {"uv": [0, 0, 16, 16], "texture": "#cross", "tintindex": 0}
			}
		},
		{
			"from": [8, 0, 0.8],
			"to": [8.001, 16, 15.2],
			"shade": false,
			"rotation": {"angle": 45, "axis": "y", "origin": [8, 8, 8], "rescale": true},
			"faces": {
				"north": {"uv": [0, 0, 0, 0], "texture": "#2"},
				"east": {"uv": [0, 0, 16, 16], "texture": "#2"},
				"south": {"uv": [0, 0, 0, 0], "texture": "#2"},
				"west": {"uv": [0, 0, 16, 16], "texture": "#2"},
				"up": {"uv": [0, 0, 0, 0], "texture": "#2"},
				"down": {"uv": [0, 0, 0, 0], "texture": "#2"}
			}
		},
		{
			"name": "PlaneX3",
			"from": [0.5, 0.9991, -7.9999],
			"to": [15.5, 1.0001, 8.0001],
			"shade": false,
			"rotation": {"angle": 22.5, "axis": "x", "origin": [0.5, 1, 8]},
			"faces": {
				"up": {"uv": [15, 16, 0, 0], "rotation": 180, "texture": "#2_big", "tintindex": 0},
				"down": {"uv": [0, 0, 15, 16], "rotation": 180, "texture": "#2_big", "tintindex": 0}
			}
		},
		{
			"name": "PlaneX3",
			"from": [8.1, 0.999, 0.5],
			"to": [24.1, 1, 15.5],
			"shade": false,
			"rotation": {"angle": 22.5, "axis": "z", "origin": [7, 1, 0.5]},
			"faces": {
				"up": {"uv": [15, 16, 0, 0], "rotation": 270, "texture": "#2_big", "tintindex": 0},
				"down": {"uv": [0, 0, 15, 16], "rotation": 90, "texture": "#2_big", "tintindex": 0}
			}
		},
		{
			"name": "PlaneX3",
			"from": [0.5, 0.9999, 8.0999],
			"to": [15.5, 1.0009, 24.0999],
			"shade": false,
			"rotation": {"angle": -22.5, "axis": "x", "origin": [0.5, 1, 7]},
			"faces": {
				"up": {"uv": [0, 0, 15, 16], "rotation": 180, "texture": "#2_big", "tintindex": 0},
				"down": {"uv": [15, 16, 0, 0], "rotation": 180, "texture": "#2_big", "tintindex": 0}
			}
		},
		{
			"name": "PlaneX3",
			"from": [-8, 1, 0.5],
			"to": [8, 1.001, 15.5],
			"shade": false,
			"rotation": {"angle": -22.5, "axis": "z", "origin": [8, 1, 0.5]},
			"faces": {
				"up": {"uv": [0, 0, 15, 16], "rotation": 270, "texture": "#2_big", "tintindex": 0},
				"down": {"uv": [15, 16, 0, 0], "rotation": 90, "texture": "#2_big", "tintindex": 0}
			}
		},
		{
			"name": "PlaneX3",
			"from": [2.6001, 2.9, 2.5001],
			"to": [18.6001, 2.901, 17.5001],
			"shade": false,
			"rotation": {"angle": 45, "axis": "y", "origin": [3, 3, 2.5]},
			"faces": {
				"up": {"uv": [15, 16, 0, 0], "rotation": 270, "texture": "#2_big", "tintindex": 0},
				"down": {"uv": [0, 0, 15, 16], "rotation": 90, "texture": "#2_big", "tintindex": 0}
			}
		},
		{
			"name": "PlaneX3",
			"from": [4.6667, 3, -7.9333],
			"to": [19.6667, 3.001, 8.0667],
			"shade": false,
			"rotation": {"angle": 45, "axis": "y", "origin": [10, 3, 13]},
			"faces": {
				"up": {"uv": [15, 16, 0, 0], "rotation": 180, "texture": "#2_big", "tintindex": 0},
				"down": {"uv": [0, 0, 15, 16], "rotation": 180, "texture": "#2_big", "tintindex": 0}
			}
		},
		{
			"name": "PlaneX3",
			"from": [-9.2777, 2.9, -0.364],
			"to": [6.7223, 2.901, 14.636],
			"shade": false,
			"rotation": {"angle": 45, "axis": "y", "origin": [8.5, 3, 6]},
			"faces": {
				"up": {"uv": [15, 16, 0, 0], "rotation": 90, "texture": "#2_big", "tintindex": 0},
				"down": {"uv": [0, 0, 15, 16], "rotation": 270, "texture": "#2_big", "tintindex": 0}
			}
		},
		{
			"name": "PlaneX3",
			"from": [1.4999, 3, 3.8001],
			"to": [16.4999, 3.001, 19.8001],
			"shade": false,
			"rotation": {"angle": 45, "axis": "y", "origin": [13.5, 3, 7]},
			"faces": {
				"up": {"uv": [15, 16, 0, 0], "texture": "#2_big", "tintindex": 0},
				"down": {"uv": [0, 0, 15, 16], "texture": "#2_big", "tintindex": 0}
			}
		}
	]
}