{
	"credit": "Made with Blockbench",
	"ambientocclusion": false,
	"textures": {
		"2": "block/fern_notint",
		"particle": "block/fern",
		"cross": "block/fern",
		"big": "block/fern_leaves"
	},
	"elements": [
		{
			"from": [0.8, 0, 8],
			"to": [15.2, 16, 8.001],
			"shade": false,
			"rotation": {"angle": 45, "axis": "y", "origin": [8, 8, 8], "rescale": true},
			"faces": {
				"north": {"uv": [0, 0, 16, 16], "texture": "#cross", "tintindex": 0},
				"south": {"uv": [0, 0, 16, 16], "texture": "#cross", "tintindex": 0}
			}
		},
		{
			"from": [0.8, 0, 8],
			"to": [15.2, 16, 8.001],
			"shade": false,
			"rotation": {"angle": 45, "axis": "y", "origin": [8, 8, 8], "rescale": true},
			"faces": {
				"north": {"uv": [0, 0, 16, 16], "texture": "#2"},
				"east": {"uv": [0, 0, 0, 0], "texture": "#2"},
				"south": {"uv": [0, 0, 16, 16], "texture": "#2"},
				"west": {"uv": [0, 0, 0, 0], "texture": "#2"},
				"up": {"uv": [0, 0, 0, 0], "texture": "#2"},
				"down": {"uv": [0, 0, 0, 0], "texture": "#2"}
			}
		},
		{
			"from": [8, 0, 0.8],
			"to": [8.001, 16, 15.2],
			"shade": false,
			"rotation": {"angle": 45, "axis": "y", "origin": [8, 8, 8], "rescale": true},
			"faces": {
				"east": {"uv": [0, 0, 16, 16], "texture": "#cross", "tintindex": 0},
				"west": {"uv": [0, 0, 16, 16], "texture": "#cross", "tintindex": 0}
			}
		},
		{
			"from": [8, 0, 0.8],
			"to": [8.001, 16, 15.2],
			"shade": false,
			"rotation": {"angle": 45, "axis": "y", "origin": [8, 8, 8], "rescale": true},
			"faces": {
				"north": {"uv": [0, 0, 0, 0], "texture": "#2"},
				"east": {"uv": [0, 0, 16, 16], "texture": "#2"},
				"south": {"uv": [0, 0, 0, 0], "texture": "#2"},
				"west": {"uv": [0, 0, 16, 16], "texture": "#2"},
				"up": {"uv": [0, 0, 0, 0], "texture": "#2"},
				"down": {"uv": [0, 0, 0, 0], "texture": "#2"}
			}
		},
		{
			"from": [8, -2, 8],
			"to": [9, 9, 8],
			"shade": false,
			"rotation": {"angle": 22.5, "axis": "x", "origin": [10.5, 0.5, 12]},
			"faces": {
				"north": {"uv": [15, 0, 16, 11], "texture": "#big", "tintindex": 0},
				"east": {"uv": [0, 0, 0, 14], "texture": "#missing", "tintindex": 0},
				"south": {"uv": [15, 2, 16, 13], "texture": "#big", "tintindex": 0},
				"west": {"uv": [0, 0, 0, 14], "texture": "#missing", "tintindex": 0},
				"up": {"uv": [0, 0, 1, 0], "texture": "#missing", "tintindex": 0},
				"down": {"uv": [0, 0, 1, 0], "texture": "#missing", "tintindex": 0}
			}
		},
		{
			"from": [11.5, 0.5, 6.5],
			"to": [11.5, 9.5, 7.5],
			"shade": false,
			"rotation": {"angle": -22.5, "axis": "z", "origin": [8.5, 6, 7]},
			"faces": {
				"north": {"uv": [0, 0, 0, 9], "texture": "#missing", "tintindex": 0},
				"east": {"uv": [15, 7, 16, 16], "texture": "#big", "tintindex": 0},
				"south": {"uv": [12, 4, 12, 13], "texture": "#missing", "tintindex": 0},
				"west": {"uv": [15, 7, 16, 16], "texture": "#big", "tintindex": 0},
				"up": {"uv": [0, 0, 1, 0], "rotation": 270, "texture": "#missing", "tintindex": 0},
				"down": {"uv": [0, 0, 1, 0], "rotation": 90, "texture": "#missing", "tintindex": 0}
			}
		},
		{
			"from": [5.5, 0.5, 6.5],
			"to": [5.5, 5.5, 7.5],
			"shade": false,
			"rotation": {"angle": 22.5, "axis": "z", "origin": [8.5, 6, 7]},
			"faces": {
				"north": {"uv": [0, 0, 0, 9], "texture": "#missing", "tintindex": 0},
				"east": {"uv": [15, 7, 16, 12], "texture": "#big", "tintindex": 0},
				"south": {"uv": [12, 4, 12, 13], "texture": "#missing", "tintindex": 0},
				"west": {"uv": [15, 7, 16, 12], "texture": "#big", "tintindex": 0},
				"up": {"uv": [0, 0, 1, 0], "rotation": 270, "texture": "#missing", "tintindex": 0},
				"down": {"uv": [0, 0, 1, 0], "rotation": 90, "texture": "#missing", "tintindex": 0}
			}
		},
		{
			"from": [4.02445, 9.20493, 13],
			"to": [13.02445, 9.20493, 22],
			"shade": false,
			"rotation": {"angle": 22.5, "axis": "x", "origin": [5.0244, 13.2049, 14]},
			"faces": {
				"north": {"uv": [0, 0, 7, 0], "rotation": 180, "texture": "#missing", "tintindex": 0},
				"east": {"uv": [0, 0, 0, 7], "rotation": 270, "texture": "#missing", "tintindex": 0},
				"south": {"uv": [0, 0, 7, 0], "texture": "#missing", "tintindex": 0},
				"west": {"uv": [0, 0, 0, 7], "rotation": 90, "texture": "#missing", "tintindex": 0},
				"up": {"uv": [0, 7, 9, 16], "rotation": 180, "texture": "#big", "tintindex": 0},
				"down": {"uv": [0, 7, 9, 16], "texture": "#big", "tintindex": 0}
			}
		},
		{
			"from": [14.52445, 7.70493, 3.5],
			"to": [21.52445, 7.70493, 10.5],
			"shade": false,
			"rotation": {"angle": -22.5, "axis": "z", "origin": [14.52445, 12.70493, 7]},
			"faces": {
				"north": {"uv": [0, 0, 0, 7], "rotation": 270, "texture": "#missing", "tintindex": 0},
				"east": {"uv": [0, 0, 7, 0], "texture": "#missing", "tintindex": 0},
				"south": {"uv": [0, 0, 0, 7], "rotation": 90, "texture": "#missing", "tintindex": 0},
				"west": {"uv": [0, 0, 7, 0], "rotation": 180, "texture": "#missing", "tintindex": 0},
				"up": {"uv": [0, 0, 7, 7], "rotation": 90, "texture": "#big", "tintindex": 0},
				"down": {"uv": [0, 0, 7, 7], "rotation": 90, "texture": "#big", "tintindex": 0}
			}
		},
		{
			"from": [-4.62224, 3.64833, 3.5],
			"to": [2.37776, 3.64833, 10.5],
			"shade": false,
			"rotation": {"angle": 22.5, "axis": "z", "origin": [2.17776, 12.94833, 7]},
			"faces": {
				"north": {"uv": [0, 0, 0, 7], "rotation": 90, "texture": "#missing", "tintindex": 0},
				"east": {"uv": [0, 0, 7, 0], "texture": "#missing", "tintindex": 0},
				"south": {"uv": [0, 0, 0, 7], "rotation": 270, "texture": "#missing", "tintindex": 0},
				"west": {"uv": [0, 0, 7, 0], "rotation": 180, "texture": "#missing", "tintindex": 0},
				"up": {"uv": [0, 0, 7, 7], "rotation": 270, "texture": "#big", "tintindex": 0},
				"down": {"uv": [0, 0, 7, 7], "rotation": 270, "texture": "#big", "tintindex": 0}
			}
		}
	]
}