{
	"credit": "Made with Blockbench",
	"ambientocclusion": false,
	"textures": {
		"2": "block/fern_notint",
		"particle": "block/fern",
		"cross": "block/fern",
		"big": "block/fern_big"
	},
	"elements": [
		{
			"from": [0.8, 0, 8],
			"to": [15.2, 16, 8.001],
			"shade": false,
			"rotation": {"angle": 45, "axis": "y", "origin": [8, 8, 8], "rescale": true},
			"faces": {
				"north": {"uv": [0, 0, 16, 16], "texture": "#cross", "tintindex": 0},
				"south": {"uv": [0, 0, 16, 16], "texture": "#cross", "tintindex": 0}
			}
		},
		{
			"from": [0.8, 0, 8],
			"to": [15.2, 16, 8.001],
			"shade": false,
			"rotation": {"angle": 45, "axis": "y", "origin": [8, 8, 8], "rescale": true},
			"faces": {
				"north": {"uv": [0, 0, 16, 16], "texture": "#2"},
				"east": {"uv": [0, 0, 0, 0], "texture": "#2"},
				"south": {"uv": [0, 0, 16, 16], "texture": "#2"},
				"west": {"uv": [0, 0, 0, 0], "texture": "#2"},
				"up": {"uv": [0, 0, 0, 0], "texture": "#2"},
				"down": {"uv": [0, 0, 0, 0], "texture": "#2"}
			}
		},
		{
			"from": [8, 0, 0.8],
			"to": [8.001, 16, 15.2],
			"shade": false,
			"rotation": {"angle": 45, "axis": "y", "origin": [8, 8, 8], "rescale": true},
			"faces": {
				"east": {"uv": [0, 0, 16, 16], "texture": "#cross", "tintindex": 0},
				"west": {"uv": [0, 0, 16, 16], "texture": "#cross", "tintindex": 0}
			}
		},
		{
			"from": [8, 0, 0.8],
			"to": [8.001, 16, 15.2],
			"shade": false,
			"rotation": {"angle": 45, "axis": "y", "origin": [8, 8, 8], "rescale": true},
			"faces": {
				"north": {"uv": [0, 0, 0, 0], "texture": "#2"},
				"east": {"uv": [0, 0, 16, 16], "texture": "#2"},
				"south": {"uv": [0, 0, 0, 0], "texture": "#2"},
				"west": {"uv": [0, 0, 16, 16], "texture": "#2"},
				"up": {"uv": [0, 0, 0, 0], "texture": "#2"},
				"down": {"uv": [0, 0, 0, 0], "texture": "#2"}
			}
		},
		{
			"name": "PlaneX3",
			"from": [7.5, 0, 0.5],
			"to": [7.501, 16, 15.5],
			"shade": false,
			"rotation": {"angle": -45, "axis": "z", "origin": [7.5, 0, 0.5]},
			"faces": {
				"east": {"uv": [0, 0, 15, 16], "texture": "#big", "tintindex": 0},
				"west": {"uv": [0, 0, 15, 16], "texture": "#big", "tintindex": 0}
			}
		},
		{
			"name": "PlaneX3",
			"from": [7.8, -0.4, 0.5],
			"to": [7.801, 15.6, 15.5],
			"shade": false,
			"rotation": {"angle": 45, "axis": "z", "origin": [7.5, 0, 0.5]},
			"faces": {
				"east": {"uv": [0, 0, 15, 16], "texture": "#big", "tintindex": 0},
				"west": {"uv": [0, 0, 15, 16], "texture": "#big", "tintindex": 0}
			}
		},
		{
			"name": "PlaneX3",
			"from": [0.5, -0.0001, 7.4991],
			"to": [15.5, 15.9999, 7.5001],
			"shade": false,
			"rotation": {"angle": 45, "axis": "x", "origin": [0.5, 0, 7.5]},
			"faces": {
				"north": {"uv": [15, 16, 0, 0], "rotation": 180, "texture": "#big", "tintindex": 0},
				"south": {"uv": [15, 16, 0, 0], "rotation": 180, "texture": "#big", "tintindex": 0}
			}
		},
		{
			"name": "PlaneX3",
			"from": [0.5, -0.0009, -7.9999],
			"to": [15.5, 0.0001, 8.0001],
			"shade": false,
			"rotation": {"angle": 22.5, "axis": "x", "origin": [0.5, 0, 8]},
			"faces": {
				"up": {"uv": [15, 16, 0, 0], "rotation": 180, "texture": "#big", "tintindex": 0},
				"down": {"uv": [0, 0, 15, 16], "rotation": 180, "texture": "#big", "tintindex": 0}
			}
		},
		{
			"name": "PlaneX3",
			"from": [7.9, -0.401, 0.5],
			"to": [23.9, -0.4, 15.5],
			"shade": false,
			"rotation": {"angle": 22.5, "axis": "z", "origin": [7, 0, 0.5]},
			"faces": {
				"up": {"uv": [15, 16, 0, 0], "rotation": 270, "texture": "#big", "tintindex": 0},
				"down": {"uv": [0, 0, 15, 16], "rotation": 90, "texture": "#big", "tintindex": 0}
			}
		},
		{
			"name": "PlaneX3",
			"from": [0.5, -0.4001, 7.8999],
			"to": [15.5, -0.3991, 23.8999],
			"shade": false,
			"rotation": {"angle": -22.5, "axis": "x", "origin": [0.5, 0, 7]},
			"faces": {
				"up": {"uv": [0, 0, 15, 16], "rotation": 180, "texture": "#big", "tintindex": 0},
				"down": {"uv": [15, 16, 0, 0], "rotation": 180, "texture": "#big", "tintindex": 0}
			}
		},
		{
			"name": "PlaneX3",
			"from": [-8, 0, 0.5],
			"to": [8, 0.001, 15.5],
			"shade": false,
			"rotation": {"angle": -22.5, "axis": "z", "origin": [8, 0, 0.5]},
			"faces": {
				"up": {"uv": [0, 0, 15, 16], "rotation": 270, "texture": "#big", "tintindex": 0},
				"down": {"uv": [15, 16, 0, 0], "rotation": 90, "texture": "#big", "tintindex": 0}
			}
		},
		{
			"name": "PlaneX3",
			"from": [0.5, 0, 7.9988],
			"to": [15.5, 16, 7.9998],
			"shade": false,
			"rotation": {"angle": -45, "axis": "x", "origin": [0.5, 0, 8]},
			"faces": {
				"north": {"uv": [15, 16, 0, 0], "rotation": 180, "texture": "#big", "tintindex": 0},
				"south": {"uv": [15, 16, 0, 0], "rotation": 180, "texture": "#big", "tintindex": 0}
			}
		},
		{
			"name": "PlaneX3",
			"from": [2.6001, 1.9, 2.4001],
			"to": [18.6001, 1.901, 17.4001],
			"shade": false,
			"rotation": {"angle": 45, "axis": "y", "origin": [3, 2, 2.5]},
			"faces": {
				"up": {"uv": [15, 16, 0, 0], "rotation": 270, "texture": "#big", "tintindex": 0},
				"down": {"uv": [0, 0, 15, 16], "rotation": 90, "texture": "#big", "tintindex": 0}
			}
		},
		{
			"name": "PlaneX3",
			"from": [4.6667, 2, -7.9333],
			"to": [19.6667, 2.001, 8.0667],
			"shade": false,
			"rotation": {"angle": 45, "axis": "y", "origin": [10, 2, 13]},
			"faces": {
				"up": {"uv": [15, 16, 0, 0], "rotation": 180, "texture": "#big", "tintindex": 0},
				"down": {"uv": [0, 0, 15, 16], "rotation": 180, "texture": "#big", "tintindex": 0}
			}
		},
		{
			"name": "PlaneX3",
			"from": [-9.2777, 1.9, -0.464],
			"to": [6.7223, 1.901, 14.536],
			"shade": false,
			"rotation": {"angle": 45, "axis": "y", "origin": [8.5, 2, 6]},
			"faces": {
				"up": {"uv": [15, 16, 0, 0], "rotation": 90, "texture": "#big", "tintindex": 0},
				"down": {"uv": [0, 0, 15, 16], "rotation": 270, "texture": "#big", "tintindex": 0}
			}
		},
		{
			"name": "PlaneX3",
			"from": [1.2999, 2, 3.8001],
			"to": [16.2999, 2.001, 19.8001],
			"shade": false,
			"rotation": {"angle": 45, "axis": "y", "origin": [13.5, 2, 7]},
			"faces": {
				"up": {"uv": [15, 16, 0, 0], "texture": "#big", "tintindex": 0},
				"down": {"uv": [0, 0, 15, 16], "texture": "#big", "tintindex": 0}
			}
		}
	],
	"groups": [
		{
			"name": "fern",
			"origin": [8, 8, 8],
			"children": [
				{
					"name": "fern",
					"origin": [8, 8, 8],
					"children": [0, 1, 2, 3, 4, 5, 6, 7, 8, 9, 10, 11, 12, 13, 14, 15]
				}
			]
		}
	]
}