{
	"credit": "Made with Blockbench",
	"parent": "block/block_ao",
	"textures": {
		"all": "block/glass",
		"particle": "#all"
	},
	"elements": [
		{
			"from": [0, 0, 0],
			"to": [16, 1, 16],
			"faces": {
				"up": {"uv": [0, 0, 16, 16], "texture": "#all", "cullface": "down"},
				"down": {"uv": [0, 0, 16, 16], "texture": "#all", "cullface": "down"}
			}
		},
		{
			"from": [0, 15, 0],
			"to": [16, 16, 16],
			"faces": {
				"up": {"uv": [0, 0, 16, 16], "texture": "#all", "cullface": "up"},
				"down": {"uv": [0, 0, 16, 16], "texture": "#all", "cullface": "up"}
			}
		},
		{
			"from": [0, 0, 0],
			"to": [16, 16, 1],
			"faces": {
				"north": {"uv": [0, 0, 16, 16], "texture": "#all", "cullface": "north"},
				"south": {"uv": [0, 0, 16, 16], "texture": "#all", "cullface": "north"}
			}
		},
		{
			"from": [0, 0, 0],
			"to": [1, 16, 16],
			"faces": {
				"east": {"uv": [0, 0, 16, 16], "texture": "#all", "cullface": "west"},
				"west": {"uv": [0, 0, 16, 16], "texture": "#all", "cullface": "west"}
			}
		},
		{
			"from": [15, 0, 0],
			"to": [16, 16, 16],
			"faces": {
				"east": {"uv": [0, 0, 16, 16], "texture": "#all", "cullface": "east"},
				"west": {"uv": [0, 0, 16, 16], "texture": "#all", "cullface": "east"}
			}
		},
		{
			"from": [0, 0, 15],
			"to": [16, 16, 16],
			"faces": {
				"north": {"uv": [0, 0, 16, 16], "texture": "#all", "cullface": "south"},
				"south": {"uv": [0, 0, 16, 16], "texture": "#all", "cullface": "south"}
			}
		}
	]
}