{
	"credit": "Made with Blockbench",
	"parent": "block/block_ao",
	"textures": {
		"particle": "block/ice",
		"all": "block/ice",
		"icy": "block/ice_double"
	},
	"elements": [
		{
			"from": [12.5, 14, 17],
			"to": [13.5, 15, 18],
			"rotation": {"angle": -22.5, "axis": "y", "origin": [12.5, 14, 17]},
			"faces": {
				"north": {"uv": [10, 2, 11, 3], "texture": "#icy", "cullface": "south"},
				"east": {"uv": [5, 2, 6, 3], "texture": "#icy", "cullface": "south"},
				"south": {"uv": [5, 2, 6, 3], "texture": "#icy", "cullface": "south"},
				"west": {"uv": [10, 2, 11, 3], "texture": "#icy", "cullface": "south"},
				"up": {"uv": [5, 10, 6, 11], "texture": "#icy", "cullface": "south"},
				"down": {"uv": [5, 5, 6, 6], "texture": "#icy", "cullface": "south"}
			}
		},
		{
			"from": [0, 0, 0],
			"to": [16, 16, 16],
			"faces": {
				"north": {"uv": [0, 0, 16, 16], "texture": "#all", "cullface": "north"},
				"east": {"uv": [0, 0, 16, 16], "texture": "#all", "cullface": "east"},
				"south": {"uv": [0, 0, 16, 16], "texture": "#all", "cullface": "south"},
				"west": {"uv": [0, 0, 16, 16], "texture": "#all", "cullface": "west"},
				"up": {"uv": [0, 0, 16, 16], "texture": "#all", "cullface": "up"},
				"down": {"uv": [0, 0, 16, 16], "texture": "#all", "cullface": "down"}
			}
		},
		{
			"from": [5.5, 14, 21],
			"to": [6.5, 15, 22],
			"rotation": {"angle": 0, "axis": "y", "origin": [8, 7, 8]},
			"faces": {
				"north": {"uv": [10, 2, 11, 3], "texture": "#icy", "cullface": "south"},
				"east": {"uv": [5, 2, 6, 3], "texture": "#icy", "cullface": "south"},
				"south": {"uv": [5, 2, 6, 3], "texture": "#icy", "cullface": "south"},
				"west": {"uv": [10, 2, 11, 3], "texture": "#icy", "cullface": "south"},
				"up": {"uv": [5, 10, 6, 11], "texture": "#icy", "cullface": "south"},
				"down": {"uv": [5, 5, 6, 6], "texture": "#icy", "cullface": "south"}
			}
		},
		{
			"from": [7, 12, 18.5],
			"to": [11, 16, 22.5],
			"rotation": {"angle": 22.5, "axis": "y", "origin": [7, 12, 18.5]},
			"faces": {
				"north": {"uv": [5, 7.5, 9, 11.5], "texture": "#icy", "cullface": "south"},
				"east": {"uv": [7, 7.5, 11, 11.5], "texture": "#icy", "cullface": "south"},
				"south": {"uv": [7, 7.5, 11, 11.5], "texture": "#icy", "cullface": "south"},
				"west": {"uv": [5, 7.5, 9, 11.5], "texture": "#icy", "cullface": "south"},
				"up": {"uv": [7, 5, 11, 9], "texture": "#icy", "cullface": "south"},
				"down": {"uv": [7, 7, 11, 11], "texture": "#icy", "cullface": "south"}
			}
		},
		{
			"from": [4, 13, 17.5],
			"to": [7, 16, 20.5],
			"rotation": {"angle": -45, "axis": "y", "origin": [4, 13, 17.5]},
			"faces": {
				"north": {"uv": [8.5, 0, 11.5, 3], "texture": "#icy", "cullface": "south"},
				"east": {"uv": [4.5, 0, 7.5, 3], "texture": "#icy", "cullface": "south"},
				"south": {"uv": [4.5, 0, 7.5, 3], "texture": "#icy", "cullface": "south"},
				"west": {"uv": [8.5, 0, 11.5, 3], "texture": "#icy", "cullface": "south"},
				"up": {"uv": [4.5, 8.5, 7.5, 11.5], "texture": "#icy", "cullface": "south"},
				"down": {"uv": [4.5, 4.5, 7.5, 7.5], "texture": "#icy", "cullface": "south"}
			}
		}
	]
}