{
	"credit": "Made with Blockbench",
	"parent": "block/block_ao",
	"textures": {
		"particle": "block/ice",
		"all": "block/ice",
		"icy": "block/ice_double"
	},
	"elements": [
		{
			"from": [0, 0, 0],
			"to": [16, 16, 16],
			"faces": {
				"north": {"uv": [0, 0, 16, 16], "texture": "#all", "cullface": "north"},
				"east": {"uv": [0, 0, 16, 16], "texture": "#all", "cullface": "east"},
				"south": {"uv": [0, 0, 16, 16], "texture": "#all", "cullface": "south"},
				"west": {"uv": [0, 0, 16, 16], "texture": "#all", "cullface": "west"},
				"up": {"uv": [0, 0, 16, 16], "texture": "#all", "cullface": "up"},
				"down": {"uv": [0, 0, 16, 16], "texture": "#all", "cullface": "down"}
			}
		},
		{
			"from": [3.5, 12, -3.5],
			"to": [7.5, 16, 0.5],
			"rotation": {"angle": 45, "axis": "y", "origin": [3.5, 12, -3.5]},
			"faces": {
				"north": {"uv": [5, 7.5, 9, 11.5], "texture": "#icy", "cullface": "north"},
				"east": {"uv": [7, 7.5, 11, 11.5], "texture": "#icy", "cullface": "north"},
				"south": {"uv": [7, 7.5, 11, 11.5], "texture": "#icy", "cullface": "north"},
				"west": {"uv": [5, 7.5, 9, 11.5], "texture": "#icy", "cullface": "north"},
				"up": {"uv": [7, 5, 11, 9], "texture": "#icy", "cullface": "north"},
				"down": {"uv": [7, 7, 11, 11], "texture": "#icy", "cullface": "north"}
			}
		},
		{
			"from": [10.5, 13, -3.5],
			"to": [13.5, 16, -0.5],
			"rotation": {"angle": -22.5, "axis": "y", "origin": [13.5, 13, -3.5]},
			"faces": {
				"north": {"uv": [8.5, 0, 11.5, 3], "texture": "#icy", "cullface": "north"},
				"east": {"uv": [8.5, 0, 11.5, 3], "texture": "#icy", "cullface": "north"},
				"south": {"uv": [4.5, 0, 7.5, 3], "texture": "#icy", "cullface": "north"},
				"west": {"uv": [4.5, 0, 7.5, 3], "texture": "#icy", "cullface": "north"},
				"up": {"uv": [4.5, 8.5, 7.5, 11.5], "rotation": 90, "texture": "#icy", "cullface": "north"},
				"down": {"uv": [4.5, 4.5, 7.5, 7.5], "rotation": 270, "texture": "#icy", "cullface": "north"}
			}
		},
		{
			"from": [3, 14, -2.5],
			"to": [4, 15, -1.5],
			"rotation": {"angle": -22.5, "axis": "y", "origin": [3, 14, -2.5]},
			"faces": {
				"north": {"uv": [10, 2, 11, 3], "texture": "#icy", "cullface": "north"},
				"east": {"uv": [5, 2, 6, 3], "texture": "#icy", "cullface": "north"},
				"south": {"uv": [5, 2, 6, 3], "texture": "#icy", "cullface": "north"},
				"west": {"uv": [10, 2, 11, 3], "texture": "#icy", "cullface": "north"},
				"up": {"uv": [5, 10, 6, 11], "texture": "#icy", "cullface": "north"},
				"down": {"uv": [5, 5, 6, 6], "texture": "#icy", "cullface": "north"}
			}
		},
		{
			"from": [9.5, 14, -6],
			"to": [10.5, 15, -5],
			"rotation": {"angle": -45, "axis": "y", "origin": [9.5, 14, -6]},
			"faces": {
				"north": {"uv": [10, 2, 11, 3], "texture": "#icy", "cullface": "north"},
				"east": {"uv": [5, 2, 6, 3], "texture": "#icy", "cullface": "north"},
				"south": {"uv": [5, 2, 6, 3], "texture": "#icy", "cullface": "north"},
				"west": {"uv": [10, 2, 11, 3], "texture": "#icy", "cullface": "north"},
				"up": {"uv": [5, 10, 6, 11], "texture": "#icy", "cullface": "north"},
				"down": {"uv": [5, 5, 6, 6], "texture": "#icy", "cullface": "north"}
			}
		}
	]
}