{
	"credit": "Made with Blockbench",
	"parent": "block/block_ao",
	"textures": {
		"particle": "block/ice",
		"all": "block/ice",
		"icy": "block/ice_double"
	},
	"elements": [
		{
			"from": [0, 0, 0],
			"to": [16, 16, 16],
			"faces": {
				"north": {"uv": [0, 0, 16, 16], "texture": "#all", "cullface": "north"},
				"east": {"uv": [0, 0, 16, 16], "texture": "#all", "cullface": "east"},
				"south": {"uv": [0, 0, 16, 16], "texture": "#all", "cullface": "south"},
				"west": {"uv": [0, 0, 16, 16], "texture": "#all", "cullface": "west"},
				"up": {"uv": [0, 0, 16, 16], "texture": "#all", "cullface": "up"},
				"down": {"uv": [0, 0, 16, 16], "texture": "#all", "cullface": "down"}
			}
		},
		{
			"from": [18, 14, 6.5],
			"to": [20, 16, 8.5],
			"rotation": {"angle": -45, "axis": "y", "origin": [18, 14, 6.5]},
			"faces": {
				"north": {"uv": [10, 1, 12, 3], "texture": "#icy", "cullface": "east"},
				"east": {"uv": [6.5, 1, 8.5, 3], "texture": "#icy", "cullface": "east"},
				"south": {"uv": [4, 1, 6, 3], "texture": "#icy", "cullface": "east"},
				"west": {"uv": [7.5, 1, 9.5, 3], "texture": "#icy", "cullface": "east"},
				"up": {"uv": [4, 7.5, 6, 9.5], "texture": "#icy", "cullface": "east"},
				"down": {"uv": [4, 6.5, 6, 8.5], "texture": "#icy", "cullface": "east"}
			}
		},
		{
			"from": [16.5, 13, 9.5],
			"to": [19.5, 16, 12.5],
			"rotation": {"angle": 22.5, "axis": "y", "origin": [19.5, 13, 9.5]},
			"faces": {
				"north": {"uv": [8.5, 0, 11.5, 3], "texture": "#icy", "cullface": "east"},
				"east": {"uv": [8.5, 0, 11.5, 3], "texture": "#icy", "cullface": "east"},
				"south": {"uv": [4.5, 0, 7.5, 3], "texture": "#icy", "cullface": "east"},
				"west": {"uv": [4.5, 0, 7.5, 3], "texture": "#icy", "cullface": "east"},
				"up": {"uv": [4.5, 8.5, 7.5, 11.5], "rotation": 90, "texture": "#icy", "cullface": "east"},
				"down": {"uv": [4.5, 4.5, 7.5, 7.5], "rotation": 270, "texture": "#icy", "cullface": "east"}
			}
		},
		{
			"from": [20, 14, 5],
			"to": [21, 15, 6],
			"rotation": {"angle": 0, "axis": "y", "origin": [8, 7, 8]},
			"faces": {
				"north": {"uv": [10, 2, 11, 3], "texture": "#icy", "cullface": "east"},
				"east": {"uv": [5, 2, 6, 3], "texture": "#icy", "cullface": "east"},
				"south": {"uv": [5, 2, 6, 3], "texture": "#icy", "cullface": "east"},
				"west": {"uv": [10, 2, 11, 3], "texture": "#icy", "cullface": "east"},
				"up": {"uv": [5, 10, 6, 11], "texture": "#icy", "cullface": "east"},
				"down": {"uv": [5, 5, 6, 6], "texture": "#icy", "cullface": "east"}
			}
		},
		{
			"from": [17.5, 14, 3],
			"to": [18.5, 15, 4],
			"rotation": {"angle": -22.5, "axis": "y", "origin": [17.5, 14, 3]},
			"faces": {
				"north": {"uv": [10, 2, 11, 3], "texture": "#icy", "cullface": "east"},
				"east": {"uv": [5, 2, 6, 3], "texture": "#icy", "cullface": "east"},
				"south": {"uv": [5, 2, 6, 3], "texture": "#icy", "cullface": "east"},
				"west": {"uv": [10, 2, 11, 3], "texture": "#icy", "cullface": "east"},
				"up": {"uv": [5, 10, 6, 11], "texture": "#icy", "cullface": "east"},
				"down": {"uv": [5, 5, 6, 6], "texture": "#icy", "cullface": "east"}
			}
		},
		{
			"from": [18.5, 14, 0.5],
			"to": [19.5, 15, 1.5],
			"rotation": {"angle": -45, "axis": "y", "origin": [18.5, 14, 0.5]},
			"faces": {
				"north": {"uv": [10, 2, 11, 3], "texture": "#icy", "cullface": "east"},
				"east": {"uv": [5, 2, 6, 3], "texture": "#icy", "cullface": "east"},
				"south": {"uv": [5, 2, 6, 3], "texture": "#icy", "cullface": "east"},
				"west": {"uv": [10, 2, 11, 3], "texture": "#icy", "cullface": "east"},
				"up": {"uv": [5, 10, 6, 11], "texture": "#icy", "cullface": "east"},
				"down": {"uv": [5, 5, 6, 6], "texture": "#icy", "cullface": "east"}
			}
		}
	]
}