{
	"__comment": "Created by _GrandMagus_",
	"parent": "block/cube_top",
	"textures": {
		"top": "block/jukebox_top",
		"side": "block/jukebox_side"
	},
	"elements": [
		{
			"__comment": "Cube1",
			"from": [ 0, 0, 0 ],
			"to": [ 16, 16, 16 ],
			"faces": {
				"down": { "uv": [ 0, 0, 16, 16 ], "texture": "#side", "cullface": "down" },
				"north": { "uv": [ 0, 0, 16, 16 ], "texture": "#side", "cullface": "north" },
				"south": { "uv": [ 0, 0, 16, 16 ], "texture": "#side", "cullface": "south" },
				"west": { "uv": [ 0, 0, 16, 16 ], "texture": "#side", "cullface": "west" },
				"east": { "uv": [ 0, 0, 16, 16 ], "texture": "#side", "cullface": "east" }
			}
		},
		{
			"__comment": "PlaneY2",
			"from": [ 9, 16, 3 ],
			"to": [ 16, 16.001, 13 ],
			"faces": {
				"up": { "uv": [ 9, 3, 16, 13 ], "texture": "#top", "cullface": "up" }
			}
		},
		{
			"__comment": "PlaneY2",
			"from": [ 0, 16, 0 ],
			"to": [ 16, 16.001, 3 ],
			"faces": {
				"up": { "uv": [ 0, 0, 16, 3 ], "texture": "#top", "cullface": "up" }
			}
		},
		{
			"__comment": "PlaneY2",
			"from": [ 0, 16, 13 ],
			"to": [ 16, 16.001, 16 ],
			"faces": {
				"up": { "uv": [ 0, 13, 16, 16 ], "texture": "#top", "cullface": "up" }
			}
		},
		{
			"__comment": "PlaneY2",
			"from": [ 0, 16, 3 ],
			"to": [ 7, 16.001, 13 ],
			"faces": {
				"up": { "uv": [ 0, 3, 7, 13 ], "texture": "#top", "cullface": "up" }
			}
		},
		{
			"__comment": "PlaneX6",
			"from": [ 7, 14, 13 ],
			"to": [ 9, 16, 13.001 ],
			"faces": {
				"north": { "uv": [ 7, 2, 9, 4 ], "texture": "#top", "cullface": "up" }
			}
		},
		{
			"__comment": "PlaneX6",
			"from": [ 7, 14, 3 ],
			"to": [ 7.001, 16, 13 ],
			"faces": {
				"east": { "uv": [ 8, 3, 10, 13 ], "texture": "#top", "cullface": "up", "rotation": 270 }
			}
		},
		{
			"__comment": "PlaneX6",
			"from": [ 9, 14, 3 ],
			"to": [ 9.001, 16, 13 ],
			"faces": {
				"west": { "uv": [ 8, 13, 6, 3 ], "texture": "#top", "cullface": "up", "rotation": 270 }
			}
		},
		{
			"__comment": "PlaneX6",
			"from": [ 7, 14, 3 ],
			"to": [ 9, 16, 3.001 ],
			"faces": {
				"south": { "uv": [ 7, 2, 9, 4 ], "texture": "#top", "cullface": "up" }
			}
		},
		{
			"__comment": "PlaneY10",
			"from": [ 7, 14, 3 ],
			"to": [ 9, 14.001, 13 ],
			"faces": {
				"up": { "uv": [ 7, 3, 9, 13 ], "texture": "#top", "cullface": "up" }
			}
		}
	]
}