{
	"__comment": "Created by _GrandMagus_",
	"parent": "block/cube_all",
	"textures": {
		"particle": "block/lapis_ore",
		"all": "block/lapis_ore"
	},
	"elements": [
		{
			"from": [ 0, 0, 0 ],
			"to": [ 16, 16, 16 ],
			"faces": {
				"down": { "uv": [ 0, 0, 16, 16 ], "texture": "#all", "cullface": "down", "rotation": 180 },
				"up": { "uv": [ 0, 0, 16, 16 ], "texture": "#all", "cullface": "up", "rotation": 180 },
				"north": { "uv": [ 0, 0, 16, 16 ], "texture": "#all", "cullface": "north" },
				"south": { "uv": [ 0, 0, 16, 16 ], "texture": "#all", "cullface": "south" },
				"west": { "uv": [ 0, 0, 16, 16 ], "texture": "#all", "cullface": "west" },
				"east": { "uv": [ 0, 0, 16, 16 ], "texture": "#all", "cullface": "east" }
			}
		},
		{
			"from": [ 5.0002, -0.5, 9.0001 ],
			"to": [ 8.0002, 0, 11.0001 ],
			"faces": {
				"down": { "uv": [ 8, 9, 11, 11 ], "texture": "#all", "cullface": "down", "rotation": 180 },
				"north": { "uv": [ 11, 9, 8, 10 ], "texture": "#all", "cullface": "down", "rotation": 180 },
				"south": { "uv": [ 8, 11, 11, 10 ], "texture": "#all", "cullface": "down", "rotation": 180 },
				"west": { "uv": [ 11, 11, 10, 9 ], "texture": "#all", "cullface": "down", "rotation": 90 },
				"east": { "uv": [ 9, 11, 8, 9 ], "texture": "#all", "cullface": "down", "rotation": 270 }
			}
		},
		{
			"from": [ 9.000199, -1, 5.0001 ],
			"to": [ 11.0002, 0, 7.0001 ],
			"faces": {
				"down": { "uv": [ 5, 5, 7, 7 ], "texture": "#all", "cullface": "down", "rotation": 180 },
				"north": { "uv": [ 7, 5, 5, 6 ], "texture": "#all", "cullface": "down", "rotation": 180 },
				"south": { "uv": [ 5, 7, 7, 6 ], "texture": "#all", "cullface": "down", "rotation": 180 },
				"west": { "uv": [ 7, 7, 6, 5 ], "texture": "#all", "cullface": "down", "rotation": 90 },
				"east": { "uv": [ 6, 7, 5, 5 ], "texture": "#all", "cullface": "down", "rotation": 270 }
			}
		},
		{
			"from": [ 4.0002, -0.5, 5.0001 ],
			"to": [ 6.0002, 0, 7.0001 ],
			"faces": {
				"down": { "uv": [ 10, 5, 12, 7 ], "texture": "#all", "cullface": "down", "rotation": 180 },
				"north": { "uv": [ 12, 5, 10, 6 ], "texture": "#all", "cullface": "down", "rotation": 180 },
				"south": { "uv": [ 10, 7, 12, 6 ], "texture": "#all", "cullface": "down", "rotation": 180 },
				"west": { "uv": [ 12, 7, 11, 5 ], "texture": "#all", "cullface": "down", "rotation": 90 },
				"east": { "uv": [ 11, 7, 10, 5 ], "texture": "#all", "cullface": "down", "rotation": 270 }
			}
		},
		{
			"from": [ 1.0002, -0.5002, 9.0001 ],
			"to": [ 3.0002, -0.0001999736, 11.0001 ],
			"faces": {
				"down": { "uv": [ 13, 9, 15, 11 ], "texture": "#all", "cullface": "down", "rotation": 180 },
				"north": { "uv": [ 15, 9, 13, 10 ], "texture": "#all", "cullface": "down", "rotation": 180 },
				"south": { "uv": [ 13, 11, 15, 10 ], "texture": "#all", "cullface": "down", "rotation": 180 },
				"west": { "uv": [ 15, 11, 14, 9 ], "texture": "#all", "cullface": "down", "rotation": 90 },
				"east": { "uv": [ 14, 11, 13, 9 ], "texture": "#all", "cullface": "down", "rotation": 270 }
			}
		},
		{
			"from": [ 4.0002, -1, 8.0001 ],
			"to": [ 7.0002, 0, 10.0001 ],
			"faces": {
				"down": { "uv": [ 9, 8, 12, 10 ], "texture": "#all", "cullface": "down", "rotation": 180 },
				"north": { "uv": [ 12, 8, 9, 9 ], "texture": "#all", "cullface": "down", "rotation": 180 },
				"south": { "uv": [ 9, 10, 12, 9 ], "texture": "#all", "cullface": "down", "rotation": 180 },
				"west": { "uv": [ 12, 10, 11, 8 ], "texture": "#all", "cullface": "down", "rotation": 90 },
				"east": { "uv": [ 10, 10, 9, 8 ], "texture": "#all", "cullface": "down", "rotation": 270 }
			}
		},
		{
			"from": [ 9.000199, -0.5, 13.0002 ],
			"to": [ 12.0002, 0, 15.0002 ],
			"faces": {
				"down": { "uv": [ 4, 13, 7, 15 ], "texture": "#all", "cullface": "down", "rotation": 180 },
				"north": { "uv": [ 7, 13, 4, 14 ], "texture": "#all", "cullface": "down", "rotation": 180 },
				"south": { "uv": [ 4, 15, 7, 14 ], "texture": "#all", "cullface": "down", "rotation": 180 },
				"west": { "uv": [ 7, 15, 6, 13 ], "texture": "#all", "cullface": "down", "rotation": 90 },
				"east": { "uv": [ 5, 15, 4, 13 ], "texture": "#all", "cullface": "down", "rotation": 270 }
			}
		},
		{
			"from": [ 8.0002, -0.5, 6.0001 ],
			"to": [ 13.0002, 0, 7.0001 ],
			"faces": {
				"down": { "uv": [ 3, 6, 8, 7 ], "texture": "#all", "cullface": "down", "rotation": 180 },
				"north": { "uv": [ 8, 6, 3, 7 ], "texture": "#all", "cullface": "down", "rotation": 180 },
				"south": { "uv": [ 3, 7, 8, 6 ], "texture": "#all", "cullface": "down", "rotation": 180 },
				"west": { "uv": [ 8, 7, 7, 6 ], "texture": "#all", "cullface": "down", "rotation": 90 },
				"east": { "uv": [ 4, 7, 3, 6 ], "texture": "#all", "cullface": "down", "rotation": 270 }
			}
		},
		{
			"from": [ 11.0002, -0.5, 11.0002 ],
			"to": [ 13.0002, 0, 12.0002 ],
			"faces": {
				"down": { "uv": [ 3, 11, 5, 12 ], "texture": "#all", "cullface": "down", "rotation": 180 },
				"north": { "uv": [ 5, 11, 3, 12 ], "texture": "#all", "cullface": "down", "rotation": 180 },
				"south": { "uv": [ 3, 12, 5, 11 ], "texture": "#all", "cullface": "down", "rotation": 180 },
				"west": { "uv": [ 5, 12, 4, 11 ], "texture": "#all", "cullface": "down", "rotation": 90 },
				"east": { "uv": [ 4, 12, 3, 11 ], "texture": "#all", "cullface": "down", "rotation": 270 }
			}
		},
		{
			"from": [ 7.0002, -0.5, 3.0001 ],
			"to": [ 9.0002, 0, 4.0001 ],
			"faces": {
				"down": { "uv": [ 7, 3, 9, 4 ], "texture": "#all", "cullface": "down", "rotation": 180 },
				"north": { "uv": [ 9, 3, 7, 4 ], "texture": "#all", "cullface": "down", "rotation": 180 },
				"south": { "uv": [ 7, 4, 9, 3 ], "texture": "#all", "cullface": "down", "rotation": 180 },
				"west": { "uv": [ 9, 4, 8, 3 ], "texture": "#all", "cullface": "down", "rotation": 90 },
				"east": { "uv": [ 8, 4, 7, 3 ], "texture": "#all", "cullface": "down", "rotation": 270 }
			}
		},
		{
			"from": [ 8, 5, 16 ],
			"to": [ 11, 7, 16.5 ],
			"faces": {
				"down": { "uv": [ 11, 10, 8, 11 ], "texture": "#all", "cullface": "south", "rotation": 180 },
				"up": { "uv": [ 11, 9, 8, 10 ], "texture": "#all", "cullface": "south", "rotation": 180 },
				"south": { "uv": [ 8, 9, 11, 11 ], "texture": "#all", "cullface": "south" },
				"west": { "uv": [ 8, 9, 9, 11 ], "texture": "#all", "cullface": "south" },
				"east": { "uv": [ 10, 9, 11, 11 ], "texture": "#all", "cullface": "south" }
			}
		},
		{
			"from": [ 5, 9, 16 ],
			"to": [ 7, 11, 17 ],
			"faces": {
				"down": { "uv": [ 7, 6, 5, 7 ], "texture": "#all", "cullface": "south", "rotation": 180 },
				"up": { "uv": [ 7, 5, 5, 6 ], "texture": "#all", "cullface": "south", "rotation": 180 },
				"south": { "uv": [ 5, 5, 7, 7 ], "texture": "#all", "cullface": "south" },
				"west": { "uv": [ 5, 5, 6, 7 ], "texture": "#all", "cullface": "south" },
				"east": { "uv": [ 6, 5, 7, 7 ], "texture": "#all", "cullface": "south" }
			}
		},
		{
			"from": [ 10, 9, 16 ],
			"to": [ 12, 11, 16.5 ],
			"faces": {
				"down": { "uv": [ 12, 6, 10, 7 ], "texture": "#all", "cullface": "south", "rotation": 180 },
				"up": { "uv": [ 12, 5, 10, 6 ], "texture": "#all", "cullface": "south", "rotation": 180 },
				"south": { "uv": [ 10, 5, 12, 7 ], "texture": "#all", "cullface": "south" },
				"west": { "uv": [ 10, 5, 11, 7 ], "texture": "#all", "cullface": "south" },
				"east": { "uv": [ 11, 5, 12, 7 ], "texture": "#all", "cullface": "south" }
			}
		},
		{
			"from": [ 13, 5, 16 ],
			"to": [ 15, 7, 16.5 ],
			"faces": {
				"down": { "uv": [ 15, 10, 13, 11 ], "texture": "#all", "cullface": "south", "rotation": 180 },
				"up": { "uv": [ 15, 9, 13, 10 ], "texture": "#all", "cullface": "south", "rotation": 180 },
				"south": { "uv": [ 13, 9, 15, 11 ], "texture": "#all", "cullface": "south" },
				"west": { "uv": [ 13, 9, 14, 11 ], "texture": "#all", "cullface": "south" },
				"east": { "uv": [ 14, 9, 15, 11 ], "texture": "#all", "cullface": "south" }
			}
		},
		{
			"from": [ 9, 6, 16 ],
			"to": [ 12, 8, 17 ],
			"faces": {
				"down": { "uv": [ 12, 9, 9, 10 ], "texture": "#all", "cullface": "south", "rotation": 180 },
				"up": { "uv": [ 12, 8, 9, 9 ], "texture": "#all", "cullface": "south", "rotation": 180 },
				"south": { "uv": [ 9, 8, 12, 10 ], "texture": "#all", "cullface": "south" },
				"west": { "uv": [ 9, 8, 10, 10 ], "texture": "#all", "cullface": "south" },
				"east": { "uv": [ 11, 8, 12, 10 ], "texture": "#all", "cullface": "south" }
			}
		},
		{
			"from": [ 4, 1, 16 ],
			"to": [ 7, 3, 16.5 ],
			"faces": {
				"down": { "uv": [ 7, 14, 4, 15 ], "texture": "#all", "cullface": "south", "rotation": 180 },
				"up": { "uv": [ 7, 13, 4, 14 ], "texture": "#all", "cullface": "south", "rotation": 180 },
				"south": { "uv": [ 4, 13, 7, 15 ], "texture": "#all", "cullface": "south" },
				"west": { "uv": [ 4, 13, 5, 15 ], "texture": "#all", "cullface": "south" },
				"east": { "uv": [ 6, 13, 7, 15 ], "texture": "#all", "cullface": "south" }
			}
		},
		{
			"from": [ 3, 9, 16 ],
			"to": [ 8, 10, 16.5 ],
			"faces": {
				"down": { "uv": [ 8, 6, 3, 7 ], "texture": "#all", "cullface": "south", "rotation": 180 },
				"up": { "uv": [ 8, 6, 3, 7 ], "texture": "#all", "cullface": "south", "rotation": 180 },
				"south": { "uv": [ 3, 6, 8, 7 ], "texture": "#all", "cullface": "south" },
				"west": { "uv": [ 3, 6, 4, 7 ], "texture": "#all", "cullface": "south" },
				"east": { "uv": [ 7, 6, 8, 7 ], "texture": "#all", "cullface": "south" }
			}
		},
		{
			"from": [ 3, 4, 16 ],
			"to": [ 5, 5, 16.5 ],
			"faces": {
				"down": { "uv": [ 5, 11, 3, 12 ], "texture": "#all", "cullface": "south", "rotation": 180 },
				"up": { "uv": [ 5, 11, 3, 12 ], "texture": "#all", "cullface": "south", "rotation": 180 },
				"south": { "uv": [ 3, 11, 5, 12 ], "texture": "#all", "cullface": "south" },
				"west": { "uv": [ 3, 11, 4, 12 ], "texture": "#all", "cullface": "south" },
				"east": { "uv": [ 4, 11, 5, 12 ], "texture": "#all", "cullface": "south" }
			}
		},
		{
			"from": [ 7, 12, 16 ],
			"to": [ 9, 13, 16.5 ],
			"faces": {
				"down": { "uv": [ 9, 3, 7, 4 ], "texture": "#all", "cullface": "south", "rotation": 180 },
				"up": { "uv": [ 9, 3, 7, 4 ], "texture": "#all", "cullface": "south", "rotation": 180 },
				"south": { "uv": [ 7, 3, 9, 4 ], "texture": "#all", "cullface": "south" },
				"west": { "uv": [ 7, 3, 8, 4 ], "texture": "#all", "cullface": "south" },
				"east": { "uv": [ 8, 3, 9, 4 ], "texture": "#all", "cullface": "south" }
			}
		},
		{
			"from": [ 16, 5, 5 ],
			"to": [ 16.5, 7, 8 ],
			"faces": {
				"down": { "uv": [ 11, 10, 8, 11 ], "texture": "#all", "cullface": "east", "rotation": 270 },
				"up": { "uv": [ 11, 9, 8, 10 ], "texture": "#all", "cullface": "east", "rotation": 90 },
				"north": { "uv": [ 10, 9, 11, 11 ], "texture": "#all", "cullface": "east" },
				"south": { "uv": [ 8, 9, 9, 11 ], "texture": "#all", "cullface": "east" },
				"east": { "uv": [ 8, 9, 11, 11 ], "texture": "#all", "cullface": "east" }
			}
		},
		{
			"from": [ 16, 9, 9 ],
			"to": [ 17, 11, 11 ],
			"faces": {
				"down": { "uv": [ 7, 6, 5, 7 ], "texture": "#all", "cullface": "east", "rotation": 270 },
				"up": { "uv": [ 7, 5, 5, 6 ], "texture": "#all", "cullface": "east", "rotation": 90 },
				"north": { "uv": [ 6, 5, 7, 7 ], "texture": "#all", "cullface": "east" },
				"south": { "uv": [ 5, 5, 6, 7 ], "texture": "#all", "cullface": "east" },
				"east": { "uv": [ 5, 5, 7, 7 ], "texture": "#all", "cullface": "east" }
			}
		},
		{
			"from": [ 16, 9, 4 ],
			"to": [ 16.5, 11, 6 ],
			"faces": {
				"down": { "uv": [ 12, 6, 10, 7 ], "texture": "#all", "cullface": "east", "rotation": 270 },
				"up": { "uv": [ 12, 5, 10, 6 ], "texture": "#all", "cullface": "east", "rotation": 90 },
				"north": { "uv": [ 11, 5, 12, 7 ], "texture": "#all", "cullface": "east" },
				"south": { "uv": [ 10, 5, 11, 7 ], "texture": "#all", "cullface": "east" },
				"east": { "uv": [ 10, 5, 12, 7 ], "texture": "#all", "cullface": "east" }
			}
		},
		{
			"from": [ 16.0001, 5, 1 ],
			"to": [ 16.5001, 7, 3 ],
			"faces": {
				"down": { "uv": [ 15, 10, 13, 11 ], "texture": "#all", "cullface": "east", "rotation": 270 },
				"up": { "uv": [ 15, 9, 13, 10 ], "texture": "#all", "cullface": "east", "rotation": 90 },
				"north": { "uv": [ 14, 9, 15, 11 ], "texture": "#all", "cullface": "east" },
				"south": { "uv": [ 13, 9, 14, 11 ], "texture": "#all", "cullface": "east" },
				"east": { "uv": [ 13, 9, 15, 11 ], "texture": "#all", "cullface": "east" }
			}
		},
		{
			"from": [ 16, 6, 4 ],
			"to": [ 17, 8, 7 ],
			"faces": {
				"down": { "uv": [ 12, 9, 9, 10 ], "texture": "#all", "cullface": "east", "rotation": 270 },
				"up": { "uv": [ 12, 8, 9, 9 ], "texture": "#all", "cullface": "east", "rotation": 90 },
				"north": { "uv": [ 11, 8, 12, 10 ], "texture": "#all", "cullface": "east" },
				"south": { "uv": [ 9, 8, 10, 10 ], "texture": "#all", "cullface": "east" },
				"east": { "uv": [ 9, 8, 12, 10 ], "texture": "#all", "cullface": "east" }
			}
		},
		{
			"from": [ 16, 1, 9 ],
			"to": [ 16.5, 3, 12 ],
			"faces": {
				"down": { "uv": [ 7, 14, 4, 15 ], "texture": "#all", "cullface": "east", "rotation": 270 },
				"up": { "uv": [ 7, 13, 4, 14 ], "texture": "#all", "cullface": "east", "rotation": 90 },
				"north": { "uv": [ 6, 13, 7, 15 ], "texture": "#all", "cullface": "east" },
				"south": { "uv": [ 4, 13, 5, 15 ], "texture": "#all", "cullface": "east" },
				"east": { "uv": [ 4, 13, 7, 15 ], "texture": "#all", "cullface": "east" }
			}
		},
		{
			"from": [ 16, 9, 8 ],
			"to": [ 16.5, 10, 13 ],
			"faces": {
				"down": { "uv": [ 8, 6, 3, 7 ], "texture": "#all", "cullface": "east", "rotation": 270 },
				"up": { "uv": [ 8, 6, 3, 7 ], "texture": "#all", "cullface": "east", "rotation": 90 },
				"north": { "uv": [ 7, 6, 8, 7 ], "texture": "#all", "cullface": "east" },
				"south": { "uv": [ 3, 6, 4, 7 ], "texture": "#all", "cullface": "east" },
				"east": { "uv": [ 3, 6, 8, 7 ], "texture": "#all", "cullface": "east" }
			}
		},
		{
			"from": [ 16, 4, 11 ],
			"to": [ 16.5, 5, 13 ],
			"faces": {
				"down": { "uv": [ 5, 11, 3, 12 ], "texture": "#all", "cullface": "east", "rotation": 270 },
				"up": { "uv": [ 5, 11, 3, 12 ], "texture": "#all", "cullface": "east", "rotation": 90 },
				"north": { "uv": [ 4, 11, 5, 12 ], "texture": "#all", "cullface": "east" },
				"south": { "uv": [ 3, 11, 4, 12 ], "texture": "#all", "cullface": "east" },
				"east": { "uv": [ 3, 11, 5, 12 ], "texture": "#all", "cullface": "east" }
			}
		},
		{
			"from": [ 16, 12, 7 ],
			"to": [ 16.5, 13, 9 ],
			"faces": {
				"down": { "uv": [ 9, 3, 7, 4 ], "texture": "#all", "cullface": "east", "rotation": 270 },
				"up": { "uv": [ 9, 3, 7, 4 ], "texture": "#all", "cullface": "east", "rotation": 90 },
				"north": { "uv": [ 8, 3, 9, 4 ], "texture": "#all", "cullface": "east" },
				"south": { "uv": [ 7, 3, 8, 4 ], "texture": "#all", "cullface": "east" },
				"east": { "uv": [ 7, 3, 9, 4 ], "texture": "#all", "cullface": "east" }
			}
		},
		{
			"from": [ 5.0002, 5, -0.5 ],
			"to": [ 8.0002, 7, 0 ],
			"faces": {
				"down": { "uv": [ 11, 10, 8, 11 ], "texture": "#all", "cullface": "north" },
				"up": { "uv": [ 11, 9, 8, 10 ], "texture": "#all", "cullface": "north" },
				"north": { "uv": [ 8, 9, 11, 11 ], "texture": "#all", "cullface": "north" },
				"west": { "uv": [ 10, 9, 11, 11 ], "texture": "#all", "cullface": "north" },
				"east": { "uv": [ 8, 9, 9, 11 ], "texture": "#all", "cullface": "north" }
			}
		},
		{
			"from": [ 9.000199, 9, -1 ],
			"to": [ 11.0002, 11, 0 ],
			"faces": {
				"down": { "uv": [ 7, 6, 5, 7 ], "texture": "#all", "cullface": "north" },
				"up": { "uv": [ 7, 5, 5, 6 ], "texture": "#all", "cullface": "north" },
				"north": { "uv": [ 5, 5, 7, 7 ], "texture": "#all", "cullface": "north" },
				"west": { "uv": [ 6, 5, 7, 7 ], "texture": "#all", "cullface": "north" },
				"east": { "uv": [ 5, 5, 6, 7 ], "texture": "#all", "cullface": "north" }
			}
		},
		{
			"from": [ 4.0002, 9, -0.5001 ],
			"to": [ 6.0002, 11, -0.0001000166 ],
			"faces": {
				"down": { "uv": [ 12, 6, 10, 7 ], "texture": "#all", "cullface": "north" },
				"up": { "uv": [ 12, 5, 10, 6 ], "texture": "#all", "cullface": "north" },
				"north": { "uv": [ 10, 5, 12, 7 ], "texture": "#all", "cullface": "north" },
				"west": { "uv": [ 11, 5, 12, 7 ], "texture": "#all", "cullface": "north" },
				"east": { "uv": [ 10, 5, 11, 7 ], "texture": "#all", "cullface": "north" }
			}
		},
		{
			"from": [ 1.0002, 5, -0.5002 ],
			"to": [ 3.0002, 7, -0.0001999736 ],
			"faces": {
				"down": { "uv": [ 15, 10, 13, 11 ], "texture": "#all", "cullface": "north" },
				"up": { "uv": [ 15, 9, 13, 10 ], "texture": "#all", "cullface": "north" },
				"north": { "uv": [ 13, 9, 15, 11 ], "texture": "#all", "cullface": "north" },
				"west": { "uv": [ 14, 9, 15, 11 ], "texture": "#all", "cullface": "north" },
				"east": { "uv": [ 13, 9, 14, 11 ], "texture": "#all", "cullface": "north" }
			}
		},
		{
			"from": [ 4.0002, 6, -1.0001 ],
			"to": [ 7.0002, 8, -0.0001000166 ],
			"faces": {
				"down": { "uv": [ 12, 9, 9, 10 ], "texture": "#all", "cullface": "north" },
				"up": { "uv": [ 12, 8, 9, 9 ], "texture": "#all", "cullface": "north" },
				"north": { "uv": [ 9, 8, 12, 10 ], "texture": "#all", "cullface": "north" },
				"west": { "uv": [ 11, 8, 12, 10 ], "texture": "#all", "cullface": "north" },
				"east": { "uv": [ 9, 8, 10, 10 ], "texture": "#all", "cullface": "north" }
			}
		},
		{
			"from": [ 9.000199, 1, -0.5 ],
			"to": [ 12.0002, 3, 0 ],
			"faces": {
				"down": { "uv": [ 7, 14, 4, 15 ], "texture": "#all", "cullface": "north" },
				"up": { "uv": [ 7, 13, 4, 14 ], "texture": "#all", "cullface": "north" },
				"north": { "uv": [ 4, 13, 7, 15 ], "texture": "#all", "cullface": "north" },
				"west": { "uv": [ 6, 13, 7, 15 ], "texture": "#all", "cullface": "north" },
				"east": { "uv": [ 4, 13, 5, 15 ], "texture": "#all", "cullface": "north" }
			}
		},
		{
			"from": [ 8.0002, 9, -0.5 ],
			"to": [ 13.0002, 10, 0 ],
			"faces": {
				"down": { "uv": [ 8, 6, 3, 7 ], "texture": "#all", "cullface": "north" },
				"up": { "uv": [ 8, 6, 3, 7 ], "texture": "#all", "cullface": "north" },
				"north": { "uv": [ 3, 6, 8, 7 ], "texture": "#all", "cullface": "north" },
				"west": { "uv": [ 7, 6, 8, 7 ], "texture": "#all", "cullface": "north" },
				"east": { "uv": [ 3, 6, 4, 7 ], "texture": "#all", "cullface": "north" }
			}
		},
		{
			"from": [ 11.0002, 4, -0.5 ],
			"to": [ 13.0002, 5, 0 ],
			"faces": {
				"down": { "uv": [ 5, 11, 3, 12 ], "texture": "#all", "cullface": "north" },
				"up": { "uv": [ 5, 11, 3, 12 ], "texture": "#all", "cullface": "north" },
				"north": { "uv": [ 3, 11, 5, 12 ], "texture": "#all", "cullface": "north" },
				"west": { "uv": [ 4, 11, 5, 12 ], "texture": "#all", "cullface": "north" },
				"east": { "uv": [ 3, 11, 4, 12 ], "texture": "#all", "cullface": "north" }
			}
		},
		{
			"from": [ 7.0002, 12, -0.5 ],
			"to": [ 9.0002, 13, 0 ],
			"faces": {
				"down": { "uv": [ 9, 3, 7, 4 ], "texture": "#all", "cullface": "north" },
				"up": { "uv": [ 9, 3, 7, 4 ], "texture": "#all", "cullface": "north" },
				"north": { "uv": [ 7, 3, 9, 4 ], "texture": "#all", "cullface": "north" },
				"west": { "uv": [ 8, 3, 9, 4 ], "texture": "#all", "cullface": "north" },
				"east": { "uv": [ 7, 3, 8, 4 ], "texture": "#all", "cullface": "north" }
			}
		},
		{
			"from": [ -0.5, 5, 7.9998 ],
			"to": [ 0, 7, 10.9998 ],
			"faces": {
				"down": { "uv": [ 11, 10, 8, 11 ], "texture": "#all", "cullface": "west", "rotation": 90 },
				"up": { "uv": [ 11, 9, 8, 10 ], "texture": "#all", "cullface": "west", "rotation": 270 },
				"north": { "uv": [ 8, 9, 9, 11 ], "texture": "#all", "cullface": "west" },
				"south": { "uv": [ 10, 9, 11, 11 ], "texture": "#all", "cullface": "west" },
				"west": { "uv": [ 8, 9, 11, 11 ], "texture": "#all", "cullface": "west" }
			}
		},
		{
			"from": [ -1, 9, 4.9998 ],
			"to": [ 0, 11, 6.9998 ],
			"faces": {
				"down": { "uv": [ 7, 6, 5, 7 ], "texture": "#all", "cullface": "west", "rotation": 90 },
				"up": { "uv": [ 7, 5, 5, 6 ], "texture": "#all", "cullface": "west", "rotation": 270 },
				"north": { "uv": [ 5, 5, 6, 7 ], "texture": "#all", "cullface": "west" },
				"south": { "uv": [ 6, 5, 7, 7 ], "texture": "#all", "cullface": "west" },
				"west": { "uv": [ 5, 5, 7, 7 ], "texture": "#all", "cullface": "west" }
			}
		},
		{
			"from": [ -0.5, 9, 9.9998 ],
			"to": [ 0, 11, 11.9998 ],
			"faces": {
				"down": { "uv": [ 12, 6, 10, 7 ], "texture": "#all", "cullface": "west", "rotation": 90 },
				"up": { "uv": [ 12, 5, 10, 6 ], "texture": "#all", "cullface": "west", "rotation": 270 },
				"north": { "uv": [ 10, 5, 11, 7 ], "texture": "#all", "cullface": "west" },
				"south": { "uv": [ 11, 5, 12, 7 ], "texture": "#all", "cullface": "west" },
				"west": { "uv": [ 10, 5, 12, 7 ], "texture": "#all", "cullface": "west" }
			}
		},
		{
			"from": [ -0.5002, 5, 12.9998 ],
			"to": [ -0.0001999736, 7, 14.9998 ],
			"faces": {
				"down": { "uv": [ 15, 10, 13, 11 ], "texture": "#all", "cullface": "west", "rotation": 90 },
				"up": { "uv": [ 15, 9, 13, 10 ], "texture": "#all", "cullface": "west", "rotation": 270 },
				"north": { "uv": [ 13, 9, 14, 11 ], "texture": "#all", "cullface": "west" },
				"south": { "uv": [ 14, 9, 15, 11 ], "texture": "#all", "cullface": "west" },
				"west": { "uv": [ 13, 9, 15, 11 ], "texture": "#all", "cullface": "west" }
			}
		},
		{
			"from": [ -1, 6, 8.9998 ],
			"to": [ 0, 8, 11.9998 ],
			"faces": {
				"down": { "uv": [ 12, 9, 9, 10 ], "texture": "#all", "cullface": "west", "rotation": 90 },
				"up": { "uv": [ 12, 8, 9, 9 ], "texture": "#all", "cullface": "west", "rotation": 270 },
				"north": { "uv": [ 9, 8, 10, 10 ], "texture": "#all", "cullface": "west" },
				"south": { "uv": [ 11, 8, 12, 10 ], "texture": "#all", "cullface": "west" },
				"west": { "uv": [ 9, 8, 12, 10 ], "texture": "#all", "cullface": "west" }
			}
		},
		{
			"from": [ -0.5, 1, 3.9998 ],
			"to": [ 0, 3, 6.9998 ],
			"faces": {
				"down": { "uv": [ 7, 14, 4, 15 ], "texture": "#all", "cullface": "west", "rotation": 90 },
				"up": { "uv": [ 7, 13, 4, 14 ], "texture": "#all", "cullface": "west", "rotation": 270 },
				"north": { "uv": [ 4, 13, 5, 15 ], "texture": "#all", "cullface": "west" },
				"south": { "uv": [ 6, 13, 7, 15 ], "texture": "#all", "cullface": "west" },
				"west": { "uv": [ 4, 13, 7, 15 ], "texture": "#all", "cullface": "west" }
			}
		},
		{
			"from": [ -0.5, 9, 2.9998 ],
			"to": [ 0, 10, 7.9998 ],
			"faces": {
				"down": { "uv": [ 8, 6, 3, 7 ], "texture": "#all", "cullface": "west", "rotation": 90 },
				"up": { "uv": [ 8, 6, 3, 7 ], "texture": "#all", "cullface": "west", "rotation": 270 },
				"north": { "uv": [ 3, 6, 4, 7 ], "texture": "#all", "cullface": "west" },
				"south": { "uv": [ 7, 6, 8, 7 ], "texture": "#all", "cullface": "west" },
				"west": { "uv": [ 3, 6, 8, 7 ], "texture": "#all", "cullface": "west" }
			}
		},
		{
			"from": [ -0.5, 4, 2.9998 ],
			"to": [ 0, 5, 4.9998 ],
			"faces": {
				"down": { "uv": [ 5, 11, 3, 12 ], "texture": "#all", "cullface": "west", "rotation": 90 },
				"up": { "uv": [ 5, 11, 3, 12 ], "texture": "#all", "cullface": "west", "rotation": 270 },
				"north": { "uv": [ 3, 11, 4, 12 ], "texture": "#all", "cullface": "west" },
				"south": { "uv": [ 4, 11, 5, 12 ], "texture": "#all", "cullface": "west" },
				"west": { "uv": [ 3, 11, 5, 12 ], "texture": "#all", "cullface": "west" }
			}
		},
		{
			"from": [ -0.5, 12, 6.9998 ],
			"to": [ 0, 13, 8.9998 ],
			"faces": {
				"down": { "uv": [ 9, 3, 7, 4 ], "texture": "#all", "cullface": "north", "rotation": 90 },
				"up": { "uv": [ 9, 3, 7, 4 ], "texture": "#all", "cullface": "north", "rotation": 270 },
				"north": { "uv": [ 7, 3, 8, 4 ], "texture": "#all", "cullface": "north" },
				"south": { "uv": [ 8, 3, 9, 4 ], "texture": "#all", "cullface": "north" },
				"west": { "uv": [ 7, 3, 9, 4 ], "texture": "#all", "cullface": "north" }
			}
		},
		{
			"from": [ 5.0002, 16, 4.9998 ],
			"to": [ 8.0002, 16.5, 6.9998 ],
			"faces": {
				"up": { "uv": [ 8, 9, 11, 11 ], "texture": "#all", "cullface": "up", "rotation": 180 },
				"north": { "uv": [ 11, 10, 8, 11 ], "texture": "#all", "cullface": "up", "rotation": 180 },
				"south": { "uv": [ 8, 10, 11, 9 ], "texture": "#all", "cullface": "up", "rotation": 180 },
				"west": { "uv": [ 11, 11, 10, 9 ], "texture": "#all", "cullface": "up", "rotation": 270 },
				"east": { "uv": [ 9, 11, 8, 9 ], "texture": "#all", "cullface": "up", "rotation": 90 }
			}
		},
		{
			"from": [ 9.000199, 16, 8.9999 ],
			"to": [ 11.0002, 17, 10.9999 ],
			"faces": {
				"up": { "uv": [ 5, 5, 7, 7 ], "texture": "#all", "cullface": "up", "rotation": 180 },
				"north": { "uv": [ 7, 6, 5, 7 ], "texture": "#all", "cullface": "up", "rotation": 180 },
				"south": { "uv": [ 5, 6, 7, 5 ], "texture": "#all", "cullface": "up", "rotation": 180 },
				"west": { "uv": [ 7, 7, 6, 5 ], "texture": "#all", "cullface": "up", "rotation": 270 },
				"east": { "uv": [ 6, 7, 5, 5 ], "texture": "#all", "cullface": "up", "rotation": 90 }
			}
		},
		{
			"from": [ 4.0002, 16, 8.9999 ],
			"to": [ 6.0002, 16.5, 10.9999 ],
			"faces": {
				"up": { "uv": [ 10, 5, 12, 7 ], "texture": "#all", "cullface": "up", "rotation": 180 },
				"north": { "uv": [ 12, 6, 10, 7 ], "texture": "#all", "cullface": "up", "rotation": 180 },
				"south": { "uv": [ 10, 6, 12, 5 ], "texture": "#all", "cullface": "up", "rotation": 180 },
				"west": { "uv": [ 12, 7, 11, 5 ], "texture": "#all", "cullface": "up", "rotation": 270 },
				"east": { "uv": [ 11, 7, 10, 5 ], "texture": "#all", "cullface": "up", "rotation": 90 }
			}
		},
		{
			"from": [ 1.0002, 16.0002, 4.9998 ],
			"to": [ 3.0002, 16.5002, 6.9998 ],
			"faces": {
				"up": { "uv": [ 13, 9, 15, 11 ], "texture": "#all", "cullface": "up", "rotation": 180 },
				"north": { "uv": [ 15, 10, 13, 11 ], "texture": "#all", "cullface": "up", "rotation": 180 },
				"south": { "uv": [ 13, 10, 15, 9 ], "texture": "#all", "cullface": "up", "rotation": 180 },
				"west": { "uv": [ 15, 11, 14, 9 ], "texture": "#all", "cullface": "up", "rotation": 270 },
				"east": { "uv": [ 14, 11, 13, 9 ], "texture": "#all", "cullface": "up", "rotation": 90 }
			}
		},
		{
			"from": [ 4.0002, 16, 5.9998 ],
			"to": [ 7.0002, 17, 7.9998 ],
			"faces": {
				"up": { "uv": [ 9, 8, 12, 10 ], "texture": "#all", "cullface": "up", "rotation": 180 },
				"north": { "uv": [ 12, 9, 9, 10 ], "texture": "#all", "cullface": "up", "rotation": 180 },
				"south": { "uv": [ 9, 9, 12, 8 ], "texture": "#all", "cullface": "up", "rotation": 180 },
				"west": { "uv": [ 12, 10, 11, 8 ], "texture": "#all", "cullface": "up", "rotation": 270 },
				"east": { "uv": [ 10, 10, 9, 8 ], "texture": "#all", "cullface": "up", "rotation": 90 }
			}
		},
		{
			"from": [ 9.000199, 16, 0.9998 ],
			"to": [ 12.0002, 16.5, 2.9998 ],
			"faces": {
				"up": { "uv": [ 4, 13, 7, 15 ], "texture": "#all", "cullface": "up", "rotation": 180 },
				"north": { "uv": [ 7, 14, 4, 15 ], "texture": "#all", "cullface": "up", "rotation": 180 },
				"south": { "uv": [ 4, 14, 7, 13 ], "texture": "#all", "cullface": "up", "rotation": 180 },
				"west": { "uv": [ 7, 15, 6, 13 ], "texture": "#all", "cullface": "up", "rotation": 270 },
				"east": { "uv": [ 5, 15, 4, 13 ], "texture": "#all", "cullface": "up", "rotation": 90 }
			}
		},
		{
			"from": [ 8.0002, 16, 8.9999 ],
			"to": [ 13.0002, 16.5, 9.9999 ],
			"faces": {
				"up": { "uv": [ 3, 6, 8, 7 ], "texture": "#all", "cullface": "up", "rotation": 180 },
				"north": { "uv": [ 8, 6, 3, 7 ], "texture": "#all", "cullface": "up", "rotation": 180 },
				"south": { "uv": [ 3, 7, 8, 6 ], "texture": "#all", "cullface": "up", "rotation": 180 },
				"west": { "uv": [ 8, 7, 7, 6 ], "texture": "#all", "cullface": "up", "rotation": 270 },
				"east": { "uv": [ 4, 7, 3, 6 ], "texture": "#all", "cullface": "up", "rotation": 90 }
			}
		},
		{
			"from": [ 11.0002, 16, 3.9998 ],
			"to": [ 13.0002, 16.5, 4.9998 ],
			"faces": {
				"up": { "uv": [ 3, 11, 5, 12 ], "texture": "#all", "cullface": "up", "rotation": 180 },
				"north": { "uv": [ 5, 11, 3, 12 ], "texture": "#all", "cullface": "up", "rotation": 180 },
				"south": { "uv": [ 3, 12, 5, 11 ], "texture": "#all", "cullface": "up", "rotation": 180 },
				"west": { "uv": [ 5, 12, 4, 11 ], "texture": "#all", "cullface": "up", "rotation": 270 },
				"east": { "uv": [ 4, 12, 3, 11 ], "texture": "#all", "cullface": "up", "rotation": 90 }
			}
		},
		{
			"from": [ 7.0002, 16, 11.9998 ],
			"to": [ 9.0002, 16.5, 12.9998 ],
			"faces": {
				"up": { "uv": [ 7, 3, 9, 4 ], "texture": "#all", "cullface": "up", "rotation": 180 },
				"north": { "uv": [ 9, 3, 7, 4 ], "texture": "#all", "cullface": "up", "rotation": 180 },
				"south": { "uv": [ 7, 4, 9, 3 ], "texture": "#all", "cullface": "up", "rotation": 180 },
				"west": { "uv": [ 9, 4, 8, 3 ], "texture": "#all", "cullface": "up", "rotation": 270 },
				"east": { "uv": [ 8, 4, 7, 3 ], "texture": "#all", "cullface": "up", "rotation": 90 }
			}
		}
	]
}