{
	"credit": "Made with Blockbench",
	"parent": "block/block",
	"textures": {
		"0": "block/nether_gold_ore",
		"particle": "block/nether_gold_ore"
	},
	"elements": [
		{
			"from": [0, 0, 0],
			"to": [16, 16, 16],
			"faces": {
				"north": {"uv": [0, 0, 16, 16], "texture": "#0", "cullface": "north"},
				"east": {"uv": [0, 0, 16, 16], "texture": "#0", "cullface": "east"},
				"south": {"uv": [0, 0, 16, 16], "texture": "#0", "cullface": "south"},
				"west": {"uv": [0, 0, 16, 16], "texture": "#0", "cullface": "west"},
				"up": {"uv": [0, 0, 16, 16], "texture": "#0", "cullface": "up"},
				"down": {"uv": [0, 0, 16, 16], "texture": "#0", "cullface": "down"}
			}
		},
		{
			"from": [16, 2, 7],
			"to": [17, 4, 9],
			"faces": {
				"north": {"uv": [8, 12, 9, 14], "texture": "#0", "cullface": "east"},
				"east": {"uv": [7, 12, 9, 14], "texture": "#0", "cullface": "east"},
				"south": {"uv": [7, 12, 8, 14], "texture": "#0", "cullface": "east"},
				"up": {"uv": [7, 12, 9, 13], "rotation": 270, "texture": "#0", "cullface": "east"},
				"down": {"uv": [7, 13, 9, 14], "rotation": 90, "texture": "#0", "cullface": "east"}
			}
		},
		{
			"from": [7, 2, -1],
			"to": [9, 4, 0],
			"faces": {
				"north": {"uv": [7, 12, 9, 14], "texture": "#0", "cullface": "north"},
				"east": {"uv": [7, 12, 8, 14], "texture": "#0", "cullface": "north"},
				"west": {"uv": [8, 12, 9, 14], "texture": "#0", "cullface": "north"},
				"up": {"uv": [7, 12, 9, 13], "rotation": 180, "texture": "#0", "cullface": "north"},
				"down": {"uv": [7, 13, 9, 14], "rotation": 180, "texture": "#0", "cullface": "north"}
			}
		},
		{
			"from": [-1, 2, 7],
			"to": [0, 4, 9],
			"faces": {
				"north": {"uv": [7, 12, 8, 14], "texture": "#0", "cullface": "west"},
				"south": {"uv": [8, 12, 9, 14], "texture": "#0", "cullface": "west"},
				"west": {"uv": [7, 12, 9, 14], "texture": "#0", "cullface": "west"},
				"up": {"uv": [7, 12, 9, 13], "rotation": 90, "texture": "#0", "cullface": "west"},
				"down": {"uv": [7, 13, 9, 14], "rotation": 270, "texture": "#0", "cullface": "west"}
			}
		},
		{
			"from": [7, 2, 16],
			"to": [9, 4, 17],
			"faces": {
				"east": {"uv": [8, 12, 9, 14], "texture": "#0", "cullface": "south"},
				"south": {"uv": [7, 12, 9, 14], "texture": "#0", "cullface": "south"},
				"west": {"uv": [7, 12, 8, 14], "texture": "#0", "cullface": "south"},
				"up": {"uv": [7, 12, 9, 13], "texture": "#0", "cullface": "south"},
				"down": {"uv": [7, 13, 9, 14], "texture": "#0", "cullface": "south"}
			}
		},
		{
			"from": [7, 16, 12],
			"to": [9, 17, 14],
			"faces": {
				"north": {"uv": [7, 12, 9, 13], "rotation": 180, "texture": "#0", "cullface": "up"},
				"east": {"uv": [8, 12, 9, 14], "rotation": 90, "texture": "#0", "cullface": "up"},
				"south": {"uv": [7, 13, 9, 14], "texture": "#0", "cullface": "up"},
				"west": {"uv": [7, 12, 8, 14], "rotation": 270, "texture": "#0", "cullface": "up"},
				"up": {"uv": [7, 12, 9, 14], "texture": "#0", "cullface": "up"}
			}
		},
		{
			"from": [7, -1, 2],
			"to": [9, 0, 4],
			"faces": {
				"north": {"uv": [7, 13, 9, 14], "rotation": 180, "texture": "#0", "cullface": "down"},
				"east": {"uv": [8, 12, 9, 14], "rotation": 270, "texture": "#0", "cullface": "down"},
				"south": {"uv": [7, 12, 9, 13], "texture": "#0", "cullface": "down"},
				"west": {"uv": [7, 12, 8, 14], "rotation": 90, "texture": "#0", "cullface": "down"},
				"down": {"uv": [7, 12, 9, 14], "texture": "#0", "cullface": "down"}
			}
		},
		{
			"from": [16, 8, 3],
			"to": [17, 10, 5],
			"faces": {
				"north": {"uv": [12, 6, 13, 8], "texture": "#0", "cullface": "east"},
				"east": {"uv": [11, 6, 13, 8], "texture": "#0", "cullface": "east"},
				"south": {"uv": [11, 6, 12, 8], "texture": "#0", "cullface": "east"},
				"up": {"uv": [11, 6, 13, 7], "rotation": 270, "texture": "#0", "cullface": "east"},
				"down": {"uv": [11, 7, 13, 8], "rotation": 90, "texture": "#0", "cullface": "east"}
			}
		},
		{
			"from": [3, 8, -1],
			"to": [5, 10, 0],
			"faces": {
				"north": {"uv": [11, 6, 13, 8], "texture": "#0", "cullface": "north"},
				"east": {"uv": [11, 6, 12, 8], "texture": "#0", "cullface": "north"},
				"west": {"uv": [12, 6, 13, 8], "texture": "#0", "cullface": "north"},
				"up": {"uv": [11, 6, 13, 7], "rotation": 180, "texture": "#0", "cullface": "north"},
				"down": {"uv": [11, 7, 13, 8], "rotation": 180, "texture": "#0", "cullface": "north"}
			}
		},
		{
			"from": [-1, 8, 11],
			"to": [0, 10, 13],
			"faces": {
				"north": {"uv": [11, 6, 12, 8], "texture": "#0", "cullface": "west"},
				"south": {"uv": [12, 6, 13, 8], "texture": "#0", "cullface": "west"},
				"west": {"uv": [11, 6, 13, 8], "texture": "#0", "cullface": "west"},
				"up": {"uv": [11, 6, 13, 7], "rotation": 90, "texture": "#0", "cullface": "west"},
				"down": {"uv": [11, 7, 13, 8], "rotation": 270, "texture": "#0", "cullface": "west"}
			}
		},
		{
			"from": [11, 8, 16],
			"to": [13, 10, 17],
			"faces": {
				"east": {"uv": [12, 6, 13, 8], "texture": "#0", "cullface": "south"},
				"south": {"uv": [11, 6, 13, 8], "texture": "#0", "cullface": "south"},
				"west": {"uv": [11, 6, 12, 8], "texture": "#0", "cullface": "south"},
				"up": {"uv": [11, 6, 13, 7], "texture": "#0", "cullface": "south"},
				"down": {"uv": [11, 7, 13, 8], "texture": "#0", "cullface": "south"}
			}
		},
		{
			"from": [11, 16, 6],
			"to": [13, 17, 8],
			"faces": {
				"north": {"uv": [11, 6, 13, 7], "rotation": 180, "texture": "#0", "cullface": "up"},
				"east": {"uv": [12, 6, 13, 8], "rotation": 90, "texture": "#0", "cullface": "up"},
				"south": {"uv": [11, 7, 13, 8], "texture": "#0", "cullface": "up"},
				"west": {"uv": [11, 6, 12, 8], "rotation": 270, "texture": "#0", "cullface": "up"},
				"up": {"uv": [11, 6, 13, 8], "texture": "#0", "cullface": "up"}
			}
		},
		{
			"from": [11, -1, 8],
			"to": [13, 0, 10],
			"faces": {
				"north": {"uv": [11, 7, 13, 8], "rotation": 180, "texture": "#0", "cullface": "down"},
				"east": {"uv": [12, 6, 13, 8], "rotation": 270, "texture": "#0", "cullface": "down"},
				"south": {"uv": [11, 6, 13, 7], "texture": "#0", "cullface": "down"},
				"west": {"uv": [11, 6, 12, 8], "rotation": 90, "texture": "#0", "cullface": "down"},
				"down": {"uv": [11, 6, 13, 8], "texture": "#0", "cullface": "down"}
			}
		},
		{
			"from": [16, 11, 11],
			"to": [17, 13, 13],
			"faces": {
				"north": {"uv": [4, 3, 5, 5], "texture": "#0", "cullface": "east"},
				"east": {"uv": [3, 3, 5, 5], "texture": "#0", "cullface": "east"},
				"south": {"uv": [3, 3, 4, 5], "texture": "#0", "cullface": "east"},
				"up": {"uv": [3, 3, 5, 4], "rotation": 270, "texture": "#0", "cullface": "east"},
				"down": {"uv": [3, 4, 5, 5], "rotation": 90, "texture": "#0", "cullface": "east"}
			}
		},
		{
			"from": [11, 11, -1],
			"to": [13, 13, 0],
			"faces": {
				"north": {"uv": [3, 3, 5, 5], "texture": "#0", "cullface": "north"},
				"east": {"uv": [3, 3, 4, 5], "texture": "#0", "cullface": "north"},
				"west": {"uv": [4, 3, 5, 5], "texture": "#0", "cullface": "north"},
				"up": {"uv": [3, 3, 5, 4], "rotation": 180, "texture": "#0", "cullface": "north"},
				"down": {"uv": [3, 4, 5, 5], "rotation": 180, "texture": "#0", "cullface": "north"}
			}
		},
		{
			"from": [-1, 11, 3],
			"to": [0, 13, 5],
			"faces": {
				"north": {"uv": [3, 3, 4, 5], "texture": "#0", "cullface": "west"},
				"south": {"uv": [4, 3, 5, 5], "texture": "#0", "cullface": "west"},
				"west": {"uv": [3, 3, 5, 5], "texture": "#0", "cullface": "west"},
				"up": {"uv": [3, 3, 5, 4], "rotation": 90, "texture": "#0", "cullface": "west"},
				"down": {"uv": [3, 4, 5, 5], "rotation": 270, "texture": "#0", "cullface": "west"}
			}
		},
		{
			"from": [3, 11, 16],
			"to": [5, 13, 17],
			"faces": {
				"east": {"uv": [4, 3, 5, 5], "texture": "#0", "cullface": "south"},
				"south": {"uv": [3, 3, 5, 5], "texture": "#0", "cullface": "south"},
				"west": {"uv": [3, 3, 4, 5], "texture": "#0", "cullface": "south"},
				"up": {"uv": [3, 3, 5, 4], "texture": "#0", "cullface": "south"},
				"down": {"uv": [3, 4, 5, 5], "texture": "#0", "cullface": "south"}
			}
		},
		{
			"from": [3, 16, 3],
			"to": [5, 17, 5],
			"faces": {
				"north": {"uv": [3, 3, 5, 4], "rotation": 180, "texture": "#0", "cullface": "up"},
				"east": {"uv": [4, 3, 5, 5], "rotation": 90, "texture": "#0", "cullface": "up"},
				"south": {"uv": [3, 4, 5, 5], "texture": "#0", "cullface": "up"},
				"west": {"uv": [3, 3, 4, 5], "rotation": 270, "texture": "#0", "cullface": "up"},
				"up": {"uv": [3, 3, 5, 5], "texture": "#0", "cullface": "up"}
			}
		},
		{
			"from": [3, -1, 11],
			"to": [5, 0, 13],
			"faces": {
				"north": {"uv": [3, 4, 5, 5], "rotation": 180, "texture": "#0", "cullface": "down"},
				"east": {"uv": [4, 3, 5, 5], "rotation": 270, "texture": "#0", "cullface": "down"},
				"south": {"uv": [3, 3, 5, 4], "texture": "#0", "cullface": "down"},
				"west": {"uv": [3, 3, 4, 5], "rotation": 90, "texture": "#0", "cullface": "down"},
				"down": {"uv": [3, 3, 5, 5], "texture": "#0", "cullface": "down"}
			}
		},
		{
			"from": [16, 6, 11],
			"to": [16.5, 7, 12],
			"faces": {
				"north": {"uv": [4, 9, 4.5, 10], "texture": "#0", "cullface": "east"},
				"east": {"uv": [4, 9, 5, 10], "texture": "#0", "cullface": "east"},
				"south": {"uv": [4, 9, 4.5, 10], "texture": "#0", "cullface": "east"},
				"up": {"uv": [4, 9, 4.5, 10], "texture": "#0", "cullface": "east"},
				"down": {"uv": [4, 9, 4.5, 10], "texture": "#0", "cullface": "east"}
			}
		},
		{
			"from": [11, 6, -0.5],
			"to": [12, 7, 0],
			"faces": {
				"north": {"uv": [4, 9, 5, 10], "texture": "#0", "cullface": "north"},
				"east": {"uv": [4, 9, 4.5, 10], "texture": "#0", "cullface": "north"},
				"west": {"uv": [4, 9, 4.5, 10], "texture": "#0", "cullface": "north"},
				"up": {"uv": [4, 9, 4.5, 10], "rotation": 270, "texture": "#0", "cullface": "north"},
				"down": {"uv": [4, 9, 4.5, 10], "rotation": 90, "texture": "#0", "cullface": "north"}
			}
		},
		{
			"from": [-0.5, 6, 4],
			"to": [0, 7, 5],
			"faces": {
				"north": {"uv": [4, 9, 4.5, 10], "texture": "#0", "cullface": "west"},
				"south": {"uv": [4, 9, 4.5, 10], "texture": "#0", "cullface": "west"},
				"west": {"uv": [4, 9, 5, 10], "texture": "#0", "cullface": "west"},
				"up": {"uv": [4, 9, 4.5, 10], "rotation": 180, "texture": "#0", "cullface": "west"},
				"down": {"uv": [4, 9, 4.5, 10], "rotation": 180, "texture": "#0", "cullface": "west"}
			}
		},
		{
			"from": [4, 6, 16],
			"to": [5, 7, 16.5],
			"faces": {
				"east": {"uv": [4, 9, 4.5, 10], "texture": "#0", "cullface": "south"},
				"south": {"uv": [4, 9, 5, 10], "texture": "#0", "cullface": "south"},
				"west": {"uv": [4, 9, 4.5, 10], "texture": "#0", "cullface": "south"},
				"up": {"uv": [4, 9, 4.5, 10], "rotation": 90, "texture": "#0", "cullface": "south"},
				"down": {"uv": [4, 9, 4.5, 10], "rotation": 270, "texture": "#0", "cullface": "south"}
			}
		},
		{
			"from": [4, 16, 9],
			"to": [5, 16.5, 10],
			"faces": {
				"north": {"uv": [4, 9, 4.5, 10], "rotation": 270, "texture": "#0", "cullface": "up"},
				"east": {"uv": [4, 9, 4.5, 10], "rotation": 90, "texture": "#0", "cullface": "up"},
				"south": {"uv": [4, 9, 4.5, 10], "rotation": 270, "texture": "#0", "cullface": "up"},
				"west": {"uv": [4, 9, 4.5, 10], "rotation": 270, "texture": "#0", "cullface": "up"},
				"up": {"uv": [4, 9, 5, 10], "texture": "#0", "cullface": "up"}
			}
		},
		{
			"from": [4, -0.5, 6],
			"to": [5, 0, 7],
			"faces": {
				"north": {"uv": [4, 9, 4.5, 10], "rotation": 90, "texture": "#0", "cullface": "down"},
				"east": {"uv": [4, 9, 4.5, 10], "rotation": 270, "texture": "#0", "cullface": "down"},
				"south": {"uv": [4, 9, 4.5, 10], "rotation": 90, "texture": "#0", "cullface": "down"},
				"west": {"uv": [4, 9, 4.5, 10], "rotation": 90, "texture": "#0", "cullface": "down"},
				"down": {"uv": [4, 9, 5, 10], "texture": "#0", "cullface": "down"}
			}
		},
		{
			"from": [16, 12, 5],
			"to": [16.5, 13, 6],
			"faces": {
				"north": {"uv": [10, 3, 10.5, 4], "texture": "#0", "cullface": "east"},
				"east": {"uv": [10, 3, 11, 4], "texture": "#0", "cullface": "east"},
				"south": {"uv": [10, 3, 10.5, 4], "texture": "#0", "cullface": "east"},
				"up": {"uv": [10, 3, 10.5, 4], "texture": "#0", "cullface": "east"},
				"down": {"uv": [10, 3, 10.5, 4], "texture": "#0", "cullface": "east"}
			}
		},
		{
			"from": [5, 12, -0.5],
			"to": [6, 13, 0],
			"faces": {
				"north": {"uv": [10, 3, 11, 4], "texture": "#0", "cullface": "north"},
				"east": {"uv": [10, 3, 10.5, 4], "texture": "#0", "cullface": "north"},
				"west": {"uv": [10, 3, 10.5, 4], "texture": "#0", "cullface": "north"},
				"up": {"uv": [10, 3, 10.5, 4], "rotation": 270, "texture": "#0", "cullface": "north"},
				"down": {"uv": [10, 3, 10.5, 4], "rotation": 90, "texture": "#0", "cullface": "north"}
			}
		},
		{
			"from": [-0.5, 12, 10],
			"to": [0, 13, 11],
			"faces": {
				"north": {"uv": [10, 3, 10.5, 4], "texture": "#0", "cullface": "west"},
				"south": {"uv": [10, 3, 10.5, 4], "texture": "#0", "cullface": "west"},
				"west": {"uv": [10, 3, 11, 4], "texture": "#0", "cullface": "west"},
				"up": {"uv": [10, 3, 10.5, 4], "rotation": 180, "texture": "#0", "cullface": "west"},
				"down": {"uv": [10, 3, 10.5, 4], "rotation": 180, "texture": "#0", "cullface": "west"}
			}
		},
		{
			"from": [10, 12, 16],
			"to": [11, 13, 16.5],
			"faces": {
				"east": {"uv": [10, 3, 10.5, 4], "texture": "#0", "cullface": "south"},
				"south": {"uv": [10, 3, 11, 4], "texture": "#0", "cullface": "south"},
				"west": {"uv": [10, 3, 10.5, 4], "texture": "#0", "cullface": "south"},
				"up": {"uv": [10, 3, 10.5, 4], "rotation": 90, "texture": "#0", "cullface": "south"},
				"down": {"uv": [10, 3, 10.5, 4], "rotation": 270, "texture": "#0", "cullface": "south"}
			}
		},
		{
			"from": [10, 16, 3],
			"to": [11, 16.5, 4],
			"faces": {
				"north": {"uv": [10, 3, 10.5, 4], "rotation": 270, "texture": "#0", "cullface": "up"},
				"east": {"uv": [10, 3, 10.5, 4], "rotation": 90, "texture": "#0", "cullface": "up"},
				"south": {"uv": [10, 3, 10.5, 4], "rotation": 270, "texture": "#0", "cullface": "up"},
				"west": {"uv": [10, 3, 10.5, 4], "rotation": 270, "texture": "#0", "cullface": "up"},
				"up": {"uv": [10, 3, 11, 4], "texture": "#0", "cullface": "up"}
			}
		},
		{
			"from": [10, -0.5, 12],
			"to": [11, 0, 13],
			"faces": {
				"north": {"uv": [10, 3, 10.5, 4], "rotation": 90, "texture": "#0", "cullface": "down"},
				"east": {"uv": [10, 3, 10.5, 4], "rotation": 270, "texture": "#0", "cullface": "down"},
				"south": {"uv": [10, 3, 10.5, 4], "rotation": 90, "texture": "#0", "cullface": "down"},
				"west": {"uv": [10, 3, 10.5, 4], "rotation": 90, "texture": "#0", "cullface": "down"},
				"down": {"uv": [10, 3, 11, 4], "texture": "#0", "cullface": "down"}
			}
		},
		{
			"from": [16, 4, 2],
			"to": [16.5, 5, 3],
			"faces": {
				"north": {"uv": [13, 11, 13.5, 12], "texture": "#0", "cullface": "east"},
				"east": {"uv": [13, 11, 14, 12], "texture": "#0", "cullface": "east"},
				"south": {"uv": [13, 11, 13.5, 12], "texture": "#0", "cullface": "east"},
				"up": {"uv": [13, 11, 13.5, 12], "texture": "#0", "cullface": "east"},
				"down": {"uv": [13, 11, 13.5, 12], "texture": "#0", "cullface": "east"}
			}
		},
		{
			"from": [2, 4, -0.5],
			"to": [3, 5, 0],
			"faces": {
				"north": {"uv": [13, 11, 14, 12], "texture": "#0", "cullface": "north"},
				"east": {"uv": [13, 11, 13.5, 12], "texture": "#0", "cullface": "north"},
				"west": {"uv": [13, 11, 13.5, 12], "texture": "#0", "cullface": "north"},
				"up": {"uv": [13, 11, 13.5, 12], "rotation": 270, "texture": "#0", "cullface": "north"},
				"down": {"uv": [13, 11, 13.5, 12], "rotation": 90, "texture": "#0", "cullface": "north"}
			}
		},
		{
			"from": [-0.5, 4, 13],
			"to": [0, 5, 14],
			"faces": {
				"north": {"uv": [13, 11, 13.5, 12], "texture": "#0", "cullface": "west"},
				"south": {"uv": [13, 11, 13.5, 12], "texture": "#0", "cullface": "west"},
				"west": {"uv": [13, 11, 14, 12], "texture": "#0", "cullface": "west"},
				"up": {"uv": [13, 11, 13.5, 12], "rotation": 180, "texture": "#0", "cullface": "west"},
				"down": {"uv": [13, 11, 13.5, 12], "rotation": 180, "texture": "#0", "cullface": "west"}
			}
		},
		{
			"from": [13, 4, 16],
			"to": [14, 5, 16.5],
			"faces": {
				"east": {"uv": [13, 11, 13.5, 12], "texture": "#0", "cullface": "south"},
				"south": {"uv": [13, 11, 14, 12], "texture": "#0", "cullface": "south"},
				"west": {"uv": [13, 11, 13.5, 12], "texture": "#0", "cullface": "south"},
				"up": {"uv": [13, 11, 13.5, 12], "rotation": 90, "texture": "#0", "cullface": "south"},
				"down": {"uv": [13, 11, 13.5, 12], "rotation": 270, "texture": "#0", "cullface": "south"}
			}
		},
		{
			"from": [13, 16, 11],
			"to": [14, 16.5, 12],
			"faces": {
				"north": {"uv": [13, 11, 13.5, 12], "rotation": 270, "texture": "#0", "cullface": "up"},
				"east": {"uv": [13, 11, 13.5, 12], "rotation": 90, "texture": "#0", "cullface": "up"},
				"south": {"uv": [13, 11, 13.5, 12], "rotation": 270, "texture": "#0", "cullface": "up"},
				"west": {"uv": [13, 11, 13.5, 12], "rotation": 270, "texture": "#0", "cullface": "up"},
				"up": {"uv": [13, 11, 14, 12], "texture": "#0", "cullface": "up"}
			}
		},
		{
			"from": [13, -0.5, 4],
			"to": [14, 0, 5],
			"faces": {
				"north": {"uv": [13, 11, 13.5, 12], "rotation": 90, "texture": "#0", "cullface": "down"},
				"east": {"uv": [13, 11, 13.5, 12], "rotation": 270, "texture": "#0", "cullface": "down"},
				"south": {"uv": [13, 11, 13.5, 12], "rotation": 90, "texture": "#0", "cullface": "down"},
				"west": {"uv": [13, 11, 13.5, 12], "rotation": 90, "texture": "#0", "cullface": "down"},
				"down": {"uv": [13, 11, 14, 12], "texture": "#0", "cullface": "down"}
			}
		}
	]
}