{
	"__comment": "Created by _GrandMagus_",
	"parent": "block/cube_all",
	"textures": {
		"all": "block/netherrack",
		"cross": "block/netherrack_cross"
	},
	"elements": [
		{
			"__comment": "Cube1",
			"from": [ 2.5, 16, 7 ],
			"to": [ 7.5, 17.5, 10 ],
			"rotation": { "origin": [ 2.5, 16, 7 ], "axis": "y", "angle": 22.5 },
			"faces": {
				"up": { "uv": [ 1, 12, 6, 15 ], "texture": "#all", "cullface": "up" },
				"north": { "uv": [ 6, 0, 11, 1 ], "texture": "#all", "cullface": "up" },
				"south": { "uv": [ 5, 0, 10, 1 ], "texture": "#all", "cullface": "up" },
				"west": { "uv": [ 7, 0, 10, 1 ], "texture": "#all", "cullface": "up" },
				"east": { "uv": [ 6, 0, 9, 1 ], "texture": "#all", "cullface": "up" }
			}
		},
		{
			"__comment": "Cube1",
			"from": [ 0, 0, 0 ],
			"to": [ 16, 16, 16 ],
			"faces": {
				"down": { "uv": [ 0, 0, 16, 16 ], "texture": "#all", "cullface": "down" },
				"up": { "uv": [ 0, 0, 16, 16 ], "texture": "#all", "cullface": "up" },
				"north": { "uv": [ 0, 0, 16, 16 ], "texture": "#all", "cullface": "north" },
				"south": { "uv": [ 0, 0, 16, 16 ], "texture": "#all", "cullface": "south" },
				"west": { "uv": [ 0, 0, 16, 16 ], "texture": "#all", "cullface": "west" },
				"east": { "uv": [ 0, 0, 16, 16 ], "texture": "#all", "cullface": "east" }
			}
		},
		{
			"__comment": "Cube1",
			"from": [ 11.5, 16, 4 ],
			"to": [ 13.5, 17, 6 ],
			"rotation": { "origin": [ 11.5, 16, 4 ], "axis": "y", "angle": -22.5 },
			"faces": {
				"up": { "uv": [ 9, 9, 11, 11 ], "texture": "#all", "cullface": "up" },
				"north": { "uv": [ 2.499998, 5, 4.499998, 6 ], "texture": "#all", "cullface": "up" },
				"south": { "uv": [ 11.5, 5, 13.5, 6 ], "texture": "#all", "cullface": "up" },
				"west": { "uv": [ 4, 5, 6, 6 ], "texture": "#all", "cullface": "up" },
				"east": { "uv": [ 10, 5, 12, 6 ], "texture": "#all", "cullface": "up" }
			}
		},
		{
			"__comment": "Cube1",
			"from": [ 5, 16, 5.5 ],
			"to": [ 10, 17, 10.5 ],
			"rotation": { "origin": [ 5, 16, 5.5 ], "axis": "y", "angle": -45 },
			"faces": {
				"up": { "uv": [ 5, 3, 10, 8 ], "texture": "#all", "cullface": "up" },
				"north": { "uv": [ 6, 4, 11, 5 ], "texture": "#all", "cullface": "up" },
				"south": { "uv": [ 5, 4, 10, 5 ], "texture": "#all", "cullface": "up" },
				"west": { "uv": [ 7, 4, 12, 5 ], "texture": "#all", "cullface": "up" },
				"east": { "uv": [ 4, 4, 9, 5 ], "texture": "#all", "cullface": "up" }
			}
		}
	]
}