{
	"__comment": "Created by _GrandMagus_",
	"ambientocclusion": false,
	"textures": {
		"particle": "block/oak_door_top",
		"side": "block/oak_door_side",
		"top": "block/oak_door_top"
	},
	"elements": [
		{
			"__comment": "Cube2",
			"from": [ 0, 8, 3 ],
			"to": [ 3, 10, 13 ],
			"faces": {
				"down": { "uv": [ 3, 7, 13, 8 ], "texture": "#top", "rotation": 90 },
				"up": { "uv": [ 3, 6, 13, 7 ], "texture": "#top", "rotation": 90 },
				"west": { "uv": [ 3, 6, 13, 8 ], "texture": "#top", "cullface": "west" },
				"east": { "uv": [ 3, 6, 13, 8 ], "texture": "#top" }
			}
		},
		{
			"__comment": "Cube3",
			"from": [ -1, 1, 2 ],
			"to": [ 0, 2, 5 ],
			"faces": {
				"down": { "uv": [ 11, 14, 14, 15 ], "texture": "#top", "cullface": "west", "rotation": 90 },
				"up": { "uv": [ 11, 14, 14, 15 ], "texture": "#top", "cullface": "west", "rotation": 270 },
				"north": { "uv": [ 13, 14, 14, 15 ], "texture": "#top", "cullface": "west" },
				"south": { "uv": [ 11, 14, 12, 15 ], "texture": "#top", "cullface": "west" },
				"west": { "uv": [ 14, 14, 11, 15 ], "texture": "#top", "cullface": "west" }
			}
		},
		{
			"__comment": "Cube3",
			"from": [ 0, 5, 0 ],
			"to": [ 3, 16, 3 ],
			"faces": {
				"up": { "uv": [ 16, 0, 13, 3 ], "texture": "#side", "cullface": "up" },
				"north": { "uv": [ 6, 0, 9, 11 ], "texture": "#side", "cullface": "north" },
				"south": { "uv": [ 13, 0, 14, 11 ], "texture": "#top" },
				"west": { "uv": [ 16, 0, 13, 11 ], "texture": "#top", "cullface": "west" },
				"east": { "uv": [ 13, 0, 16, 11 ], "texture": "#top" }
			}
		},
		{
			"__comment": "Cube3",
			"from": [ 0, 5, 13 ],
			"to": [ 3, 16, 16 ],
			"faces": {
				"up": { "uv": [ 13, 16, 16, 13 ], "texture": "#side", "cullface": "up", "rotation": 180 },
				"north": { "uv": [ 2, 0, 3, 11 ], "texture": "#top" },
				"south": { "uv": [ 0, 0, 3, 11 ], "texture": "#side", "cullface": "south" },
				"west": { "uv": [ 3, 0, 0, 11 ], "texture": "#top", "cullface": "west" },
				"east": { "uv": [ 0, 0, 3, 11 ], "texture": "#top" }
			}
		},
		{
			"__comment": "Cube2",
			"from": [ 0, 0, 0 ],
			"to": [ 3, 5, 16 ],
			"faces": {
				"up": { "uv": [ 0, 11, 16, 12 ], "texture": "#top", "rotation": 90 },
				"north": { "uv": [ 6, 11, 9, 16 ], "texture": "#side", "cullface": "north" },
				"south": { "uv": [ 0, 11, 3, 16 ], "texture": "#side", "cullface": "south" },
				"west": { "uv": [ 16, 11, 0, 16 ], "texture": "#top", "cullface": "west" },
				"east": { "uv": [ 0, 11, 16, 16 ], "texture": "#top" }
			}
		},
		{
			"__comment": "Cube2",
			"from": [ 0, 13, 3 ],
			"to": [ 3, 16, 13 ],
			"faces": {
				"down": { "uv": [ 3, 2, 13, 3 ], "texture": "#top", "rotation": 90 },
				"up": { "uv": [ 16, 3, 13, 13 ], "texture": "#side", "cullface": "up" },
				"west": { "uv": [ 3, 0, 13, 3 ], "texture": "#top", "cullface": "west" },
				"east": { "uv": [ 3, 0, 13, 3 ], "texture": "#top" }
			}
		},
		{
			"__comment": "Cube3",
			"from": [ 0, 5, 7 ],
			"to": [ 3, 13, 9 ],
			"faces": {
				"north": { "uv": [ 8, 3, 9, 11 ], "texture": "#top" },
				"south": { "uv": [ 7, 3, 8, 11 ], "texture": "#top" },
				"west": { "uv": [ 7, 3, 9, 11 ], "texture": "#top", "cullface": "west" },
				"east": { "uv": [ 7, 3, 9, 11 ], "texture": "#top" }
			}
		},
		{
			"__comment": "Cube3",
			"from": [ -1, 0, 4 ],
			"to": [ 0, 1, 5 ],
			"faces": {
				"down": { "uv": [ 11, 15, 12, 16 ], "texture": "#top", "cullface": "west" },
				"north": { "uv": [ 11, 15, 12, 16 ], "texture": "#top", "cullface": "west" },
				"south": { "uv": [ 11, 15, 12, 16 ], "texture": "#top", "cullface": "west" },
				"west": { "uv": [ 11, 15, 12, 16 ], "texture": "#top", "cullface": "west" }
			}
		},
		{
			"__comment": "Cube3",
			"from": [ 3, 1, 2 ],
			"to": [ 4, 2, 5 ],
			"faces": {
				"down": { "uv": [ 11, 14, 14, 15 ], "texture": "#top", "rotation": 90 },
				"up": { "uv": [ 11, 14, 14, 15 ], "texture": "#top", "rotation": 270 },
				"north": { "uv": [ 13, 14, 14, 15 ], "texture": "#top" },
				"south": { "uv": [ 11, 14, 12, 15 ], "texture": "#top" },
				"east": { "uv": [ 11, 14, 14, 15 ], "texture": "#top" }
			}
		},
		{
			"__comment": "Cube3",
			"from": [ 3, 0, 4 ],
			"to": [ 4, 1, 5 ],
			"faces": {
				"down": { "uv": [ 11, 15, 12, 16 ], "texture": "#top" },
				"north": { "uv": [ 11, 15, 12, 16 ], "texture": "#top" },
				"south": { "uv": [ 11, 15, 12, 16 ], "texture": "#top" },
				"east": { "uv": [ 11, 15, 12, 16 ], "texture": "#top" }
			}
		}
	]
}