{
	"credit": "Made with Blockbench",
	"ambientocclusion": false,
	"texture_size": [32, 32],
	"textures": {
		"flowerpot": "block/flower_pot",
		"dirt": "block/warped_nylium",
		"particle": "block/warped_fungus_3d",
		"fungus": "block/warped_fungus_3d"
	},
	"elements": [
		{
			"from": [5, 0, 5],
			"to": [6, 6, 11],
			"faces": {
				"north": {"uv": [10, 10, 11, 16], "texture": "#flowerpot"},
				"east": {"uv": [5, 10, 11, 16], "texture": "#flowerpot"},
				"south": {"uv": [5, 10, 6, 16], "texture": "#flowerpot"},
				"west": {"uv": [5, 10, 11, 16], "texture": "#flowerpot"},
				"up": {"uv": [5, 5, 6, 11], "texture": "#flowerpot"}
			}
		},
		{
			"from": [10, 0, 5],
			"to": [11, 6, 11],
			"faces": {
				"north": {"uv": [5, 10, 6, 16], "texture": "#flowerpot"},
				"east": {"uv": [5, 10, 11, 16], "texture": "#flowerpot"},
				"south": {"uv": [10, 10, 11, 16], "texture": "#flowerpot"},
				"west": {"uv": [5, 10, 11, 16], "texture": "#flowerpot"},
				"up": {"uv": [10, 5, 11, 11], "texture": "#flowerpot"}
			}
		},
		{
			"from": [6, 0, 5],
			"to": [10, 6, 6],
			"faces": {
				"north": {"uv": [6, 10, 10, 16], "texture": "#flowerpot"},
				"south": {"uv": [6, 10, 10, 16], "texture": "#flowerpot"},
				"up": {"uv": [6, 5, 10, 6], "texture": "#flowerpot"}
			}
		},
		{
			"from": [6, 0, 10],
			"to": [10, 6, 11],
			"faces": {
				"north": {"uv": [6, 10, 10, 16], "texture": "#flowerpot"},
				"south": {"uv": [6, 10, 10, 16], "texture": "#flowerpot"},
				"up": {"uv": [6, 10, 10, 11], "texture": "#flowerpot"}
			}
		},
		{
			"from": [6, 0, 6],
			"to": [10, 4, 10],
			"faces": {
				"up": {"uv": [6, 6, 10, 10], "texture": "#dirt"},
				"down": {"uv": [6, 6, 10, 10], "texture": "#flowerpot", "cullface": "down"}
			}
		},
		{
			"name": "PlaneY6",
			"from": [5, 0, 5],
			"to": [11, 0.001, 11],
			"faces": {
				"down": {"uv": [5, 0, 11, 6], "texture": "#flowerpot", "cullface": "down"}
			}
		},
		{
			"from": [7, 3, 7],
			"to": [9, 8, 9],
			"rotation": {"angle": 0, "axis": "y", "origin": [8, 10, 8]},
			"faces": {
				"north": {"uv": [15, 13.5, 16, 16], "texture": "#fungus"},
				"east": {"uv": [15, 13.5, 16, 16], "texture": "#fungus"},
				"south": {"uv": [15, 13.5, 16, 16], "texture": "#fungus"},
				"west": {"uv": [15, 13.5, 16, 16], "texture": "#fungus"},
				"up": {"uv": [15, 12.5, 16, 13.5], "texture": "#fungus"},
				"down": {"uv": [15, 15, 16, 16], "texture": "#fungus"}
			}
		},
		{
			"from": [5, 8, 5],
			"to": [11, 11, 11],
			"rotation": {"angle": 0, "axis": "y", "origin": [8, 10, 8]},
			"faces": {
				"north": {"uv": [12, 0.5, 15, 2], "texture": "#fungus"},
				"east": {"uv": [9, 0, 12, 1.5], "texture": "#fungus"},
				"south": {"uv": [2, 0, 5, 1.5], "texture": "#fungus"},
				"west": {"uv": [5, 0, 8, 1.5], "texture": "#fungus"},
				"up": {"uv": [5.5, 13, 8.5, 16], "texture": "#fungus"},
				"down": {"uv": [1, 12, 4, 15], "texture": "#fungus"}
			}
		}
	],
	"display": {
		"thirdperson_righthand": {
			"rotation": [75, 45, 0],
			"translation": [0, 2.5, 2],
			"scale": [0.575, 0.575, 0.575]
		},
		"thirdperson_lefthand": {
			"rotation": [75, 45, 0],
			"translation": [0, 2.5, 2],
			"scale": [0.575, 0.575, 0.575]
		},
		"ground": {
			"translation": [0, 3, 0],
			"scale": [0.75, 0.75, 0.75]
		}
	}
}