{
	"credit": "Made with Blockbench",
	"textures": {
		"particle": "block/red_mushroom_3d",
		"mushroom": "block/red_mushroom_3d"
	},
	"elements": [
		{
			"from": [7, 0, 7],
			"to": [9, 3, 9],
			"faces": {
				"north": {"uv": [14, 13, 16, 16], "texture": "#mushroom"},
				"east": {"uv": [14, 13, 16, 16], "texture": "#mushroom"},
				"south": {"uv": [14, 13, 16, 16], "texture": "#mushroom"},
				"west": {"uv": [14, 13, 16, 16], "texture": "#mushroom"},
				"up": {"uv": [14, 13, 16, 15], "texture": "#mushroom"},
				"down": {"uv": [14, 14, 16, 16], "texture": "#mushroom"}
			}
		},
		{
			"from": [5, 3, 5],
			"to": [11, 6, 11],
			"faces": {
				"north": {"uv": [1, 13, 7, 16], "texture": "#mushroom"},
				"east": {"uv": [0, 1, 6, 4], "texture": "#mushroom"},
				"south": {"uv": [5, 1, 11, 4], "texture": "#mushroom"},
				"west": {"uv": [10, 1, 16, 4], "texture": "#mushroom"},
				"up": {"uv": [8, 10, 14, 16], "texture": "#mushroom"},
				"down": {"uv": [15, 13, 16, 14], "texture": "#mushroom"}
			}
		}
	]
}