{
	"credit": "Created by _GrandMagus_",
	"textures": {
		"particle": "block/red_mushroom_3d",
		"mushroom": "block/red_mushroom_3d"
	},
	"elements": [
		{
			"from": [ 7, 0, 7 ],
			"to": [ 9, 3, 9 ],
			"faces": {
				"down": { "uv": [ 14, 14, 16, 16 ], "texture": "#mushroom" },
				"up": { "uv": [ 14, 13, 16, 15 ], "texture": "#mushroom" },
				"north": { "uv": [ 14, 13, 16, 16 ], "texture": "#mushroom" },
				"south": { "uv": [ 14, 13, 16, 16 ], "texture": "#mushroom" },
				"west": { "uv": [ 14, 13, 16, 16 ], "texture": "#mushroom" },
				"east": { "uv": [ 14, 13, 16, 16 ], "texture": "#mushroom" }
			}
		},
		{
			"from": [ 6, 3, 6 ],
			"to": [ 10, 7, 10 ],
			"faces": {
				"down": { "uv": [ 15, 13, 16, 14 ], "texture": "#mushroom" },
				"up": { "uv": [ 12, 9, 16, 13 ], "texture": "#mushroom" },
				"north": { "uv": [ 6, 5, 10, 9 ], "texture": "#mushroom" },
				"south": { "uv": [ 8, 0, 12, 4 ], "texture": "#mushroom" },
				"west": { "uv": [ 16, 0, 12, 4 ], "texture": "#mushroom" },
				"east": { "uv": [ 0, 5, 4, 9 ], "texture": "#mushroom" }
			}
		}
	],
	"display": {
		"thirdperson_righthand": {
			"rotation":  [ 0, -90, 0 ],
			"translation":  [ 0, 5, 2 ],
			"scale":  [ 0.85, 0.85, 0.85 ]
		},
		"thirdperson_lefthand": {
			"rotation":  [ 0, -90, 0 ],
			"translation":  [ 0, 5, 2 ],
			"scale":  [ 0.85, 0.85, 0.85 ]
		},
		"firstperson_righthand": {
			"rotation":  [ 0, 45, 0 ],
			"translation":  [ 0, 4, 0 ],
			"scale":  [ 0.6, 0.6, 0.6 ]
		},
		"firstperson_lefthand": {
			"rotation":  [ 0, 45, 0 ],
			"translation":  [ 0, 4, 0 ],
			"scale":  [ 0.6, 0.6, 0.6 ]
		},
		"gui": {
			"rotation":  [ 30, 225, 0 ],
			"translation":  [ 0, 2, 0 ]
		},
		"head": {
			"translation":  [ 0, 14, 0 ]
		},
		"ground": {
			"translation":  [ 0, 2, 0 ],
			"scale":  [ 0.5, 0.5, 0.5 ]
		},
		"fixed": {
			"translation":  [ 0, 2, 0 ]
		}
	}
}