{
	"__comment": "Created by _GrandMagus_",
	"parent": "block/block",
	"textures": {
		"particle": "block/redstone_ore_2",
		"all": "block/redstone_ore_2"
	},
	"elements": [
		{
			"__comment": "Cube1",
			"from": [ 0, 0, 0 ],
			"to": [ 16, 16, 16 ],
			"faces": {
				"down": { "uv": [ 0, 0, 16, 16 ], "texture": "#all", "cullface": "down" },
				"up": { "uv": [ 0, 0, 16, 16 ], "texture": "#all", "cullface": "up" },
				"north": { "uv": [ 0, 0, 16, 16 ], "texture": "#all", "cullface": "north" },
				"south": { "uv": [ 0, 0, 16, 16 ], "texture": "#all", "cullface": "south" },
				"west": { "uv": [ 0, 0, 16, 16 ], "texture": "#all", "cullface": "west" },
				"east": { "uv": [ 0, 0, 16, 16 ], "texture": "#all", "cullface": "east" }
			}
		},
		{
			"__comment": "Cube104",
			"from": [ -1, 6, 8 ],
			"to": [ 0, 7, 12 ],
			"faces": {
				"down": { "uv": [ 8, 9, 12, 10 ], "texture": "#all", "cullface": "west", "rotation": 270 },
				"up": { "uv": [ 8, 10, 12, 9 ], "texture": "#all", "cullface": "west", "rotation": 90 },
				"north": { "uv": [ 8, 9, 9, 10 ], "texture": "#all", "cullface": "west", "rotation": 90 },
				"south": { "uv": [ 11, 9, 12, 10 ], "texture": "#all", "cullface": "west", "rotation": 270 },
				"west": { "uv": [ 8, 9, 12, 10 ], "texture": "#all", "cullface": "west" }
			}
		},
		{
			"__comment": "Cube104",
			"from": [ -0.5, 10, 4 ],
			"to": [ 0, 11, 5 ],
			"faces": {
				"up": { "uv": [ 5, 6, 4, 5 ], "texture": "#all", "cullface": "west", "rotation": 90 },
				"north": { "uv": [ 4, 5, 5, 6 ], "texture": "#all", "cullface": "west", "rotation": 90 },
				"south": { "uv": [ 4, 5, 5, 6 ], "texture": "#all", "cullface": "west", "rotation": 270 },
				"west": { "uv": [ 4, 5, 5, 6 ], "texture": "#all", "cullface": "west" }
			}
		},
		{
			"__comment": "Cube104",
			"from": [ -0.5, 7, 7 ],
			"to": [ 0, 8, 8 ],
			"faces": {
				"down": { "uv": [ 7, 8, 8, 9 ], "texture": "#all", "cullface": "west", "rotation": 270 },
				"up": { "uv": [ 8, 9, 7, 8 ], "texture": "#all", "cullface": "west", "rotation": 90 },
				"north": { "uv": [ 7, 8, 8, 9 ], "texture": "#all", "cullface": "west", "rotation": 90 },
				"south": { "uv": [ 7, 8, 8, 9 ], "texture": "#all", "cullface": "west", "rotation": 270 },
				"west": { "uv": [ 7, 8, 8, 9 ], "texture": "#all", "cullface": "west" }
			}
		},
		{
			"__comment": "Cube104",
			"from": [ -0.5, 12, 7 ],
			"to": [ 0, 13, 9 ],
			"faces": {
				"down": { "uv": [ 7, 3, 9, 4 ], "texture": "#all", "cullface": "west", "rotation": 270 },
				"up": { "uv": [ 7, 4, 9, 3 ], "texture": "#all", "cullface": "west", "rotation": 90 },
				"north": { "uv": [ 7, 3, 8, 4 ], "texture": "#all", "cullface": "west", "rotation": 90 },
				"south": { "uv": [ 8, 3, 9, 4 ], "texture": "#all", "cullface": "west", "rotation": 270 },
				"west": { "uv": [ 7, 3, 9, 4 ], "texture": "#all", "cullface": "west" }
			}
		},
		{
			"__comment": "Cube104",
			"from": [ -1, 7, 9 ],
			"to": [ 0, 8, 11 ],
			"faces": {
				"up": { "uv": [ 9, 9, 11, 8 ], "texture": "#all", "cullface": "west", "rotation": 90 },
				"north": { "uv": [ 9, 8, 10, 9 ], "texture": "#all", "cullface": "west", "rotation": 90 },
				"south": { "uv": [ 10, 8, 11, 9 ], "texture": "#all", "cullface": "west", "rotation": 270 },
				"west": { "uv": [ 9, 8, 11, 9 ], "texture": "#all", "cullface": "west" }
			}
		},
		{
			"__comment": "Cube104",
			"from": [ -1, 5, 4 ],
			"to": [ 0, 6, 6 ],
			"faces": {
				"up": { "uv": [ 6, 11, 4, 10 ], "texture": "#all", "cullface": "west", "rotation": 90 },
				"north": { "uv": [ 5, 10, 6, 11 ], "texture": "#all", "cullface": "west", "rotation": 90 },
				"south": { "uv": [ 4, 10, 5, 11 ], "texture": "#all", "cullface": "west", "rotation": 270 },
				"west": { "uv": [ 4, 10, 6, 11 ], "texture": "#all", "cullface": "west" }
			}
		},
		{
			"__comment": "Cube104",
			"from": [ -1, 4, 3 ],
			"to": [ 0, 5, 8 ],
			"faces": {
				"down": { "uv": [ 3, 11, 8, 12 ], "texture": "#all", "cullface": "west", "rotation": 270 },
				"up": { "uv": [ 3, 12, 8, 11 ], "texture": "#all", "cullface": "west", "rotation": 90 },
				"north": { "uv": [ 3, 11, 4, 12 ], "texture": "#all", "cullface": "west", "rotation": 90 },
				"south": { "uv": [ 7, 11, 8, 12 ], "texture": "#all", "cullface": "west", "rotation": 270 },
				"west": { "uv": [ 3, 11, 8, 12 ], "texture": "#all", "cullface": "west" }
			}
		},
		{
			"__comment": "Cube104",
			"from": [ -0.5, 3, 5 ],
			"to": [ 0, 4, 9 ],
			"faces": {
				"down": { "uv": [ 5, 12, 9, 13 ], "texture": "#all", "cullface": "west", "rotation": 270 },
				"up": { "uv": [ 5, 13, 9, 12 ], "texture": "#all", "cullface": "west", "rotation": 90 },
				"north": { "uv": [ 5, 12, 6, 13 ], "texture": "#all", "cullface": "west", "rotation": 90 },
				"south": { "uv": [ 8, 12, 9, 13 ], "texture": "#all", "cullface": "west", "rotation": 270 },
				"west": { "uv": [ 5, 12, 9, 13 ], "texture": "#all", "cullface": "west" }
			}
		},
		{
			"__comment": "Cube104",
			"from": [ -0.5, 9, 2 ],
			"to": [ 0, 10, 6 ],
			"faces": {
				"down": { "uv": [ 2, 6, 6, 7 ], "texture": "#all", "cullface": "west", "rotation": 270 },
				"up": { "uv": [ 2, 7, 6, 6 ], "texture": "#all", "cullface": "west", "rotation": 90 },
				"north": { "uv": [ 2, 6, 3, 7 ], "texture": "#all", "cullface": "west", "rotation": 90 },
				"south": { "uv": [ 5, 6, 6, 7 ], "texture": "#all", "cullface": "west", "rotation": 270 },
				"west": { "uv": [ 2, 6, 6, 7 ], "texture": "#all", "cullface": "west" }
			}
		},
		{
			"__comment": "Cube104",
			"from": [ -0.5, 10, 10 ],
			"to": [ 0, 11, 14 ],
			"faces": {
				"down": { "uv": [ 10, 5, 14, 6 ], "texture": "#all", "cullface": "west", "rotation": 270 },
				"up": { "uv": [ 10, 6, 14, 5 ], "texture": "#all", "cullface": "west", "rotation": 90 },
				"north": { "uv": [ 10, 5, 11, 6 ], "texture": "#all", "cullface": "west", "rotation": 90 },
				"south": { "uv": [ 13, 5, 14, 6 ], "texture": "#all", "cullface": "west", "rotation": 270 },
				"west": { "uv": [ 10, 5, 14, 6 ], "texture": "#all", "cullface": "west" }
			}
		},
		{
			"__comment": "Cube104",
			"from": [ -1, 9, 9 ],
			"to": [ 0, 10, 12 ],
			"faces": {
				"down": { "uv": [ 9, 6, 12, 7 ], "texture": "#all", "cullface": "west", "rotation": 270 },
				"up": { "uv": [ 9, 7, 12, 6 ], "texture": "#all", "cullface": "west", "rotation": 90 },
				"north": { "uv": [ 9, 6, 10, 7 ], "texture": "#all", "cullface": "west", "rotation": 90 },
				"south": { "uv": [ 11, 6, 12, 7 ], "texture": "#all", "cullface": "west", "rotation": 270 },
				"west": { "uv": [ 9, 6, 12, 7 ], "texture": "#all", "cullface": "west" }
			}
		},
		{
			"__comment": "Cube104",
			"from": [ 8, 16, 9 ],
			"to": [ 12, 17, 10 ],
			"faces": {
				"up": { "uv": [ 8, 9, 12, 10 ], "texture": "#all", "cullface": "up" },
				"north": { "uv": [ 12, 9, 8, 10 ], "texture": "#all", "cullface": "up" },
				"south": { "uv": [ 8, 9, 12, 10 ], "texture": "#all", "cullface": "up" },
				"west": { "uv": [ 8, 9, 9, 10 ], "texture": "#all", "cullface": "up" },
				"east": { "uv": [ 11, 9, 12, 10 ], "texture": "#all", "cullface": "up" }
			}
		},
		{
			"__comment": "Cube104",
			"from": [ 4, 16, 5 ],
			"to": [ 5, 16.5, 6 ],
			"faces": {
				"up": { "uv": [ 4, 5, 5, 6 ], "texture": "#all", "cullface": "up" },
				"north": { "uv": [ 4, 5, 5, 6 ], "texture": "#all", "cullface": "up" },
				"west": { "uv": [ 4, 5, 5, 6 ], "texture": "#all", "cullface": "up" },
				"east": { "uv": [ 4, 5, 5, 6 ], "texture": "#all", "cullface": "up" }
			}
		},
		{
			"__comment": "Cube104",
			"from": [ 7, 16, 8 ],
			"to": [ 8, 16.5, 9 ],
			"faces": {
				"up": { "uv": [ 7, 8, 8, 9 ], "texture": "#all", "cullface": "up" },
				"north": { "uv": [ 7, 8, 8, 9 ], "texture": "#all", "cullface": "up" },
				"south": { "uv": [ 7, 8, 8, 9 ], "texture": "#all", "cullface": "up" },
				"west": { "uv": [ 7, 8, 8, 9 ], "texture": "#all", "cullface": "up" },
				"east": { "uv": [ 7, 8, 8, 9 ], "texture": "#all", "cullface": "up" }
			}
		},
		{
			"__comment": "Cube104",
			"from": [ 7, 16, 3 ],
			"to": [ 9, 16.5, 4 ],
			"faces": {
				"up": { "uv": [ 7, 3, 9, 4 ], "texture": "#all", "cullface": "up" },
				"north": { "uv": [ 9, 3, 7, 4 ], "texture": "#all", "cullface": "up" },
				"south": { "uv": [ 7, 3, 9, 4 ], "texture": "#all", "cullface": "up" },
				"west": { "uv": [ 7, 3, 8, 4 ], "texture": "#all", "cullface": "up" },
				"east": { "uv": [ 8, 3, 9, 4 ], "texture": "#all", "cullface": "up" }
			}
		},
		{
			"__comment": "Cube104",
			"from": [ 9, 16, 8 ],
			"to": [ 11, 17, 9 ],
			"faces": {
				"up": { "uv": [ 9, 8, 11, 9 ], "texture": "#all", "cullface": "up" },
				"north": { "uv": [ 11, 8, 9, 9 ], "texture": "#all", "cullface": "up" },
				"west": { "uv": [ 9, 8, 10, 9 ], "texture": "#all", "cullface": "up" },
				"east": { "uv": [ 10, 8, 11, 9 ], "texture": "#all", "cullface": "up" }
			}
		},
		{
			"__comment": "Cube104",
			"from": [ 4, 16, 10 ],
			"to": [ 6, 17, 11 ],
			"faces": {
				"up": { "uv": [ 4, 10, 6, 11 ], "texture": "#all", "cullface": "up" },
				"north": { "uv": [ 4, 10, 6, 11 ], "texture": "#all", "cullface": "up" },
				"west": { "uv": [ 5, 10, 6, 11 ], "texture": "#all", "cullface": "up" },
				"east": { "uv": [ 4, 10, 5, 11 ], "texture": "#all", "cullface": "up" }
			}
		},
		{
			"__comment": "Cube104",
			"from": [ 3, 16, 11 ],
			"to": [ 8, 17, 12 ],
			"faces": {
				"up": { "uv": [ 3, 11, 8, 12 ], "texture": "#all", "cullface": "up" },
				"north": { "uv": [ 8, 11, 3, 12 ], "texture": "#all", "cullface": "up" },
				"south": { "uv": [ 3, 11, 8, 12 ], "texture": "#all", "cullface": "up" },
				"west": { "uv": [ 3, 11, 4, 12 ], "texture": "#all", "cullface": "up" },
				"east": { "uv": [ 7, 11, 8, 12 ], "texture": "#all", "cullface": "up" }
			}
		},
		{
			"__comment": "Cube104",
			"from": [ 5, 16, 12 ],
			"to": [ 9, 16.5, 13 ],
			"faces": {
				"up": { "uv": [ 5, 13, 9, 12 ], "texture": "#all", "cullface": "up" },
				"north": { "uv": [ 9, 12, 5, 13 ], "texture": "#all", "cullface": "up" },
				"south": { "uv": [ 5, 12, 9, 13 ], "texture": "#all", "cullface": "up" },
				"west": { "uv": [ 5, 12, 6, 13 ], "texture": "#all", "cullface": "up" },
				"east": { "uv": [ 8, 12, 9, 13 ], "texture": "#all", "cullface": "up" }
			}
		},
		{
			"__comment": "Cube104",
			"from": [ 2, 16, 6 ],
			"to": [ 6, 16.5, 7 ],
			"faces": {
				"up": { "uv": [ 2, 6, 6, 7 ], "texture": "#all", "cullface": "up" },
				"north": { "uv": [ 6, 6, 2, 7 ], "texture": "#all", "cullface": "up" },
				"south": { "uv": [ 2, 6, 6, 7 ], "texture": "#all", "cullface": "up" },
				"west": { "uv": [ 2, 6, 3, 7 ], "texture": "#all", "cullface": "up" },
				"east": { "uv": [ 5, 6, 6, 7 ], "texture": "#all", "cullface": "up" }
			}
		},
		{
			"__comment": "Cube104",
			"from": [ 10, 16, 5 ],
			"to": [ 14, 16.5, 6 ],
			"faces": {
				"up": { "uv": [ 10, 5, 14, 6 ], "texture": "#all", "cullface": "up" },
				"north": { "uv": [ 14, 5, 10, 6 ], "texture": "#all", "cullface": "up" },
				"south": { "uv": [ 10, 5, 14, 6 ], "texture": "#all", "cullface": "up" },
				"west": { "uv": [ 10, 5, 11, 6 ], "texture": "#all", "cullface": "up" },
				"east": { "uv": [ 13, 5, 14, 6 ], "texture": "#all", "cullface": "up" }
			}
		},
		{
			"__comment": "Cube104",
			"from": [ 9, 16, 6 ],
			"to": [ 12, 17, 7 ],
			"faces": {
				"up": { "uv": [ 9, 6, 12, 7 ], "texture": "#all", "cullface": "up" },
				"north": { "uv": [ 12, 6, 9, 7 ], "texture": "#all", "cullface": "up" },
				"south": { "uv": [ 9, 6, 12, 7 ], "texture": "#all", "cullface": "up" },
				"west": { "uv": [ 9, 6, 10, 7 ], "texture": "#all", "cullface": "up" },
				"east": { "uv": [ 11, 6, 12, 7 ], "texture": "#all", "cullface": "up" }
			}
		},
		{
			"__comment": "Cube104",
			"from": [ 8, 6, 16 ],
			"to": [ 12, 7, 17 ],
			"faces": {
				"down": { "uv": [ 8, 9, 12, 10 ], "texture": "#all", "cullface": "south" },
				"up": { "uv": [ 8, 10, 12, 9 ], "texture": "#all", "cullface": "south" },
				"south": { "uv": [ 8, 9, 12, 10 ], "texture": "#all", "cullface": "south" },
				"west": { "uv": [ 8, 9, 9, 10 ], "texture": "#all", "cullface": "south", "rotation": 90 },
				"east": { "uv": [ 11, 9, 12, 10 ], "texture": "#all", "cullface": "south", "rotation": 270 }
			}
		},
		{
			"__comment": "Cube104",
			"from": [ 4, 10, 16 ],
			"to": [ 5, 11, 16.5 ],
			"faces": {
				"up": { "uv": [ 5, 6, 4, 5 ], "texture": "#all", "cullface": "south" },
				"south": { "uv": [ 4, 5, 5, 6 ], "texture": "#all", "cullface": "south" },
				"west": { "uv": [ 4, 5, 5, 6 ], "texture": "#all", "cullface": "south", "rotation": 90 },
				"east": { "uv": [ 4, 5, 5, 6 ], "texture": "#all", "cullface": "south", "rotation": 270 }
			}
		},
		{
			"__comment": "Cube104",
			"from": [ 7, 7, 16 ],
			"to": [ 8, 8, 16.5 ],
			"faces": {
				"down": { "uv": [ 7, 8, 8, 9 ], "texture": "#all", "cullface": "south" },
				"up": { "uv": [ 8, 9, 7, 8 ], "texture": "#all", "cullface": "south" },
				"south": { "uv": [ 7, 8, 8, 9 ], "texture": "#all", "cullface": "south" },
				"west": { "uv": [ 7, 8, 8, 9 ], "texture": "#all", "cullface": "south", "rotation": 90 },
				"east": { "uv": [ 7, 8, 8, 9 ], "texture": "#all", "cullface": "south", "rotation": 270 }
			}
		},
		{
			"__comment": "Cube104",
			"from": [ 7, 12, 16 ],
			"to": [ 9, 13, 16.5 ],
			"faces": {
				"down": { "uv": [ 7, 3, 9, 4 ], "texture": "#all", "cullface": "south" },
				"up": { "uv": [ 7, 4, 9, 3 ], "texture": "#all", "cullface": "south" },
				"south": { "uv": [ 7, 3, 9, 4 ], "texture": "#all", "cullface": "south" },
				"west": { "uv": [ 7, 3, 8, 4 ], "texture": "#all", "cullface": "south", "rotation": 90 },
				"east": { "uv": [ 8, 3, 9, 4 ], "texture": "#all", "cullface": "south", "rotation": 270 }
			}
		},
		{
			"__comment": "Cube104",
			"from": [ 9, 7, 16 ],
			"to": [ 11, 8, 17 ],
			"faces": {
				"up": { "uv": [ 9, 9, 11, 8 ], "texture": "#all", "cullface": "south" },
				"south": { "uv": [ 9, 8, 11, 9 ], "texture": "#all", "cullface": "south" },
				"west": { "uv": [ 9, 8, 10, 9 ], "texture": "#all", "cullface": "south", "rotation": 90 },
				"east": { "uv": [ 10, 8, 11, 9 ], "texture": "#all", "cullface": "south", "rotation": 270 }
			}
		},
		{
			"__comment": "Cube104",
			"from": [ 4, 5, 16 ],
			"to": [ 6, 6, 17 ],
			"faces": {
				"up": { "uv": [ 4, 11, 6, 10 ], "texture": "#all", "cullface": "south" },
				"south": { "uv": [ 4, 10, 6, 11 ], "texture": "#all", "cullface": "south" },
				"west": { "uv": [ 5, 10, 6, 11 ], "texture": "#all", "cullface": "south", "rotation": 90 },
				"east": { "uv": [ 4, 10, 5, 11 ], "texture": "#all", "cullface": "south", "rotation": 270 }
			}
		},
		{
			"__comment": "Cube104",
			"from": [ 3, 4, 16 ],
			"to": [ 8, 5, 17 ],
			"faces": {
				"down": { "uv": [ 3, 11, 8, 12 ], "texture": "#all", "cullface": "south" },
				"up": { "uv": [ 3, 12, 8, 11 ], "texture": "#all", "cullface": "south" },
				"south": { "uv": [ 3, 11, 8, 12 ], "texture": "#all", "cullface": "south" },
				"west": { "uv": [ 3, 11, 4, 12 ], "texture": "#all", "cullface": "south", "rotation": 90 },
				"east": { "uv": [ 7, 11, 8, 12 ], "texture": "#all", "cullface": "south", "rotation": 270 }
			}
		},
		{
			"__comment": "Cube104",
			"from": [ 5, 3, 16 ],
			"to": [ 9, 4, 16.5 ],
			"faces": {
				"down": { "uv": [ 5, 12, 9, 13 ], "texture": "#all", "cullface": "south" },
				"up": { "uv": [ 5, 13, 9, 12 ], "texture": "#all", "cullface": "south" },
				"south": { "uv": [ 5, 12, 9, 13 ], "texture": "#all", "cullface": "south" },
				"west": { "uv": [ 5, 12, 6, 13 ], "texture": "#all", "cullface": "south", "rotation": 90 },
				"east": { "uv": [ 8, 12, 9, 13 ], "texture": "#all", "cullface": "south", "rotation": 270 }
			}
		},
		{
			"__comment": "Cube104",
			"from": [ 2, 9, 16 ],
			"to": [ 6, 10, 16.5 ],
			"faces": {
				"down": { "uv": [ 2, 6, 6, 7 ], "texture": "#all", "cullface": "south" },
				"up": { "uv": [ 2, 7, 6, 6 ], "texture": "#all", "cullface": "south" },
				"south": { "uv": [ 2, 6, 6, 7 ], "texture": "#all", "cullface": "south" },
				"west": { "uv": [ 2, 6, 3, 7 ], "texture": "#all", "cullface": "south", "rotation": 90 },
				"east": { "uv": [ 5, 6, 6, 7 ], "texture": "#all", "cullface": "south", "rotation": 270 }
			}
		},
		{
			"__comment": "Cube104",
			"from": [ 10, 10, 16 ],
			"to": [ 14, 11, 16.5 ],
			"faces": {
				"down": { "uv": [ 10, 5, 14, 6 ], "texture": "#all", "cullface": "south" },
				"up": { "uv": [ 10, 6, 14, 5 ], "texture": "#all", "cullface": "south" },
				"south": { "uv": [ 10, 5, 14, 6 ], "texture": "#all", "cullface": "south" },
				"west": { "uv": [ 10, 5, 11, 6 ], "texture": "#all", "cullface": "south", "rotation": 90 },
				"east": { "uv": [ 13, 5, 14, 6 ], "texture": "#all", "cullface": "south", "rotation": 270 }
			}
		},
		{
			"__comment": "Cube104",
			"from": [ 9, 9, 16 ],
			"to": [ 12, 10, 17 ],
			"faces": {
				"down": { "uv": [ 9, 6, 12, 7 ], "texture": "#all", "cullface": "south" },
				"up": { "uv": [ 9, 7, 12, 6 ], "texture": "#all", "cullface": "south" },
				"south": { "uv": [ 9, 6, 12, 7 ], "texture": "#all", "cullface": "south" },
				"west": { "uv": [ 9, 6, 10, 7 ], "texture": "#all", "cullface": "south", "rotation": 90 },
				"east": { "uv": [ 11, 6, 12, 7 ], "texture": "#all", "cullface": "up", "rotation": 270 }
			}
		},
		{
			"__comment": "Cube104",
			"from": [ 16, 6, 4 ],
			"to": [ 17, 7, 8 ],
			"faces": {
				"down": { "uv": [ 8, 9, 12, 10 ], "texture": "#all", "cullface": "east", "rotation": 90 },
				"up": { "uv": [ 8, 10, 12, 9 ], "texture": "#all", "cullface": "east", "rotation": 270 },
				"north": { "uv": [ 11, 9, 12, 10 ], "texture": "#all", "cullface": "east", "rotation": 270 },
				"south": { "uv": [ 8, 9, 9, 10 ], "texture": "#all", "cullface": "east", "rotation": 90 },
				"east": { "uv": [ 8, 9, 12, 10 ], "texture": "#all", "cullface": "east" }
			}
		},
		{
			"__comment": "Cube104",
			"from": [ 16, 10, 11 ],
			"to": [ 16.5, 11, 12 ],
			"faces": {
				"up": { "uv": [ 5, 6, 4, 5 ], "texture": "#all", "cullface": "east", "rotation": 270 },
				"north": { "uv": [ 4, 5, 5, 6 ], "texture": "#all", "cullface": "east", "rotation": 270 },
				"south": { "uv": [ 4, 5, 5, 6 ], "texture": "#all", "cullface": "east", "rotation": 90 },
				"east": { "uv": [ 4, 5, 5, 6 ], "texture": "#all", "cullface": "east" }
			}
		},
		{
			"__comment": "Cube104",
			"from": [ 16, 7, 8 ],
			"to": [ 16.5, 8, 9 ],
			"faces": {
				"down": { "uv": [ 7, 8, 8, 9 ], "texture": "#all", "cullface": "east", "rotation": 90 },
				"up": { "uv": [ 8, 9, 7, 8 ], "texture": "#all", "cullface": "east", "rotation": 270 },
				"north": { "uv": [ 7, 8, 8, 9 ], "texture": "#all", "cullface": "east", "rotation": 270 },
				"south": { "uv": [ 7, 8, 8, 9 ], "texture": "#all", "cullface": "east", "rotation": 90 },
				"east": { "uv": [ 7, 8, 8, 9 ], "texture": "#all", "cullface": "east" }
			}
		},
		{
			"__comment": "Cube104",
			"from": [ 16, 12, 7 ],
			"to": [ 16.5, 13, 9 ],
			"faces": {
				"down": { "uv": [ 7, 3, 9, 4 ], "texture": "#all", "cullface": "east", "rotation": 90 },
				"up": { "uv": [ 7, 4, 9, 3 ], "texture": "#all", "cullface": "east", "rotation": 270 },
				"north": { "uv": [ 8, 3, 9, 4 ], "texture": "#all", "cullface": "east", "rotation": 270 },
				"south": { "uv": [ 7, 3, 8, 4 ], "texture": "#all", "cullface": "east", "rotation": 90 },
				"east": { "uv": [ 7, 3, 9, 4 ], "texture": "#all", "cullface": "east" }
			}
		},
		{
			"__comment": "Cube104",
			"from": [ 16, 7, 5 ],
			"to": [ 17, 8, 7 ],
			"faces": {
				"up": { "uv": [ 9, 9, 11, 8 ], "texture": "#all", "cullface": "east", "rotation": 270 },
				"north": { "uv": [ 10, 8, 11, 9 ], "texture": "#all", "cullface": "east", "rotation": 270 },
				"south": { "uv": [ 9, 8, 10, 9 ], "texture": "#all", "cullface": "east", "rotation": 90 },
				"east": { "uv": [ 9, 8, 11, 9 ], "texture": "#all", "cullface": "east" }
			}
		},
		{
			"__comment": "Cube104",
			"from": [ 16, 5, 10 ],
			"to": [ 17, 6, 12 ],
			"faces": {
				"up": { "uv": [ 6, 11, 4, 10 ], "texture": "#all", "cullface": "east", "rotation": 270 },
				"north": { "uv": [ 4, 10, 5, 11 ], "texture": "#all", "cullface": "east", "rotation": 270 },
				"south": { "uv": [ 5, 10, 6, 11 ], "texture": "#all", "cullface": "east", "rotation": 90 },
				"east": { "uv": [ 4, 10, 6, 11 ], "texture": "#all", "cullface": "east" }
			}
		},
		{
			"__comment": "Cube104",
			"from": [ 16, 4, 8 ],
			"to": [ 17, 5, 13 ],
			"faces": {
				"down": { "uv": [ 3, 11, 8, 12 ], "texture": "#all", "cullface": "east", "rotation": 90 },
				"up": { "uv": [ 3, 12, 8, 11 ], "texture": "#all", "cullface": "east", "rotation": 270 },
				"north": { "uv": [ 7, 11, 8, 12 ], "texture": "#all", "cullface": "east", "rotation": 270 },
				"south": { "uv": [ 3, 11, 4, 12 ], "texture": "#all", "cullface": "east", "rotation": 90 },
				"east": { "uv": [ 3, 11, 8, 12 ], "texture": "#all", "cullface": "east" }
			}
		},
		{
			"__comment": "Cube104",
			"from": [ 16, 3, 7 ],
			"to": [ 16.5, 4, 11 ],
			"faces": {
				"down": { "uv": [ 5, 12, 9, 13 ], "texture": "#all", "cullface": "east", "rotation": 90 },
				"up": { "uv": [ 5, 13, 9, 12 ], "texture": "#all", "cullface": "east", "rotation": 270 },
				"north": { "uv": [ 8, 12, 9, 13 ], "texture": "#all", "cullface": "east", "rotation": 270 },
				"south": { "uv": [ 5, 12, 6, 13 ], "texture": "#all", "cullface": "east", "rotation": 90 },
				"east": { "uv": [ 5, 12, 9, 13 ], "texture": "#all", "cullface": "east" }
			}
		},
		{
			"__comment": "Cube104",
			"from": [ 16, 9, 10 ],
			"to": [ 16.5, 10, 14 ],
			"faces": {
				"down": { "uv": [ 2, 6, 6, 7 ], "texture": "#all", "cullface": "east", "rotation": 90 },
				"up": { "uv": [ 2, 7, 6, 6 ], "texture": "#all", "cullface": "east", "rotation": 270 },
				"north": { "uv": [ 5, 6, 6, 7 ], "texture": "#all", "cullface": "east", "rotation": 270 },
				"south": { "uv": [ 2, 6, 3, 7 ], "texture": "#all", "cullface": "east", "rotation": 90 },
				"east": { "uv": [ 2, 6, 6, 7 ], "texture": "#all", "cullface": "east" }
			}
		},
		{
			"__comment": "Cube104",
			"from": [ 16, 10, 2 ],
			"to": [ 16.5, 11, 6 ],
			"faces": {
				"down": { "uv": [ 10, 5, 14, 6 ], "texture": "#all", "cullface": "east", "rotation": 90 },
				"up": { "uv": [ 10, 6, 14, 5 ], "texture": "#all", "cullface": "east", "rotation": 270 },
				"north": { "uv": [ 13, 5, 14, 6 ], "texture": "#all", "cullface": "east", "rotation": 270 },
				"south": { "uv": [ 10, 5, 11, 6 ], "texture": "#all", "cullface": "east", "rotation": 90 },
				"east": { "uv": [ 10, 5, 14, 6 ], "texture": "#all", "cullface": "east" }
			}
		},
		{
			"__comment": "Cube104",
			"from": [ 16, 9, 4 ],
			"to": [ 17, 10, 7 ],
			"faces": {
				"down": { "uv": [ 9, 6, 12, 7 ], "texture": "#all", "cullface": "east", "rotation": 90 },
				"up": { "uv": [ 9, 7, 12, 6 ], "texture": "#all", "cullface": "east", "rotation": 270 },
				"north": { "uv": [ 11, 6, 12, 7 ], "texture": "#all", "cullface": "east", "rotation": 270 },
				"south": { "uv": [ 9, 6, 10, 7 ], "texture": "#all", "cullface": "east", "rotation": 90 },
				"east": { "uv": [ 9, 6, 12, 7 ], "texture": "#all", "cullface": "east" }
			}
		},
		{
			"__comment": "Cube104",
			"from": [ 8, -1, 6 ],
			"to": [ 12, 0, 7 ],
			"faces": {
				"down": { "uv": [ 12, 10, 8, 9 ], "texture": "#all", "cullface": "down" },
				"north": { "uv": [ 8, 9, 12, 10 ], "texture": "#all", "cullface": "down", "rotation": 180 },
				"south": { "uv": [ 12, 9, 8, 10 ], "texture": "#all", "cullface": "down", "rotation": 180 },
				"west": { "uv": [ 11, 9, 12, 10 ], "texture": "#all", "cullface": "down", "rotation": 180 },
				"east": { "uv": [ 8, 9, 9, 10 ], "texture": "#all", "cullface": "down", "rotation": 180 }
			}
		},
		{
			"__comment": "Cube104",
			"from": [ 4, -0.5, 10 ],
			"to": [ 5, 0, 11 ],
			"faces": {
				"down": { "uv": [ 5, 6, 4, 5 ], "texture": "#all", "cullface": "down", "rotation": 180 },
				"south": { "uv": [ 4, 5, 5, 6 ], "texture": "#all", "cullface": "down", "rotation": 180 },
				"west": { "uv": [ 4, 5, 5, 6 ], "texture": "#all", "cullface": "down", "rotation": 180 },
				"east": { "uv": [ 4, 5, 5, 6 ], "texture": "#all", "cullface": "down", "rotation": 180 }
			}
		},
		{
			"__comment": "Cube104",
			"from": [ 7, -0.5, 7 ],
			"to": [ 8, 0, 8 ],
			"faces": {
				"down": { "uv": [ 8, 9, 7, 8 ], "texture": "#all", "cullface": "down", "rotation": 180 },
				"north": { "uv": [ 7, 8, 8, 9 ], "texture": "#all", "cullface": "down", "rotation": 180 },
				"south": { "uv": [ 7, 8, 8, 9 ], "texture": "#all", "cullface": "down", "rotation": 180 },
				"west": { "uv": [ 7, 8, 8, 9 ], "texture": "#all", "cullface": "down", "rotation": 180 },
				"east": { "uv": [ 7, 8, 8, 9 ], "texture": "#all", "cullface": "down", "rotation": 180 }
			}
		},
		{
			"__comment": "Cube104",
			"from": [ 1, -0.5, 7 ],
			"to": [ 3, 0, 8 ],
			"faces": {
				"down": { "uv": [ 3, 9, 1, 8 ], "texture": "#all", "cullface": "down", "rotation": 180 },
				"north": { "uv": [ 1, 8, 3, 9 ], "texture": "#all", "cullface": "down", "rotation": 180 },
				"south": { "uv": [ 3, 8, 1, 9 ], "texture": "#all", "cullface": "down", "rotation": 180 },
				"west": { "uv": [ 1, 8, 2, 9 ], "texture": "#all", "cullface": "down", "rotation": 180 },
				"east": { "uv": [ 2, 8, 3, 9 ], "texture": "#all", "cullface": "down", "rotation": 180 }
			}
		},
		{
			"__comment": "Cube104",
			"from": [ 7, -0.5, 12 ],
			"to": [ 9, 0, 13 ],
			"faces": {
				"down": { "uv": [ 13, 4, 11, 3 ], "texture": "#all", "cullface": "down", "rotation": 180 },
				"north": { "uv": [ 11, 3, 13, 4 ], "texture": "#all", "cullface": "down", "rotation": 180 },
				"south": { "uv": [ 13, 3, 11, 4 ], "texture": "#all", "cullface": "down", "rotation": 180 },
				"west": { "uv": [ 11, 3, 12, 4 ], "texture": "#all", "cullface": "down", "rotation": 180 },
				"east": { "uv": [ 12, 3, 13, 4 ], "texture": "#all", "cullface": "down", "rotation": 180 }
			}
		},
		{
			"__comment": "Cube104",
			"from": [ 9, -1, 7 ],
			"to": [ 11, 0, 8 ],
			"faces": {
				"down": { "uv": [ 11, 9, 9, 8 ], "texture": "#all", "cullface": "down", "rotation": 180 },
				"south": { "uv": [ 11, 8, 9, 9 ], "texture": "#all", "cullface": "down", "rotation": 180 },
				"west": { "uv": [ 9, 8, 10, 9 ], "texture": "#all", "cullface": "down", "rotation": 180 },
				"east": { "uv": [ 10, 8, 11, 9 ], "texture": "#all", "cullface": "down", "rotation": 180 }
			}
		},
		{
			"__comment": "Cube104",
			"from": [ 4, -1, 5 ],
			"to": [ 6, 0, 6 ],
			"faces": {
				"down": { "uv": [ 6, 11, 4, 10 ], "texture": "#all", "cullface": "down", "rotation": 180 },
				"south": { "uv": [ 4, 10, 6, 11 ], "texture": "#all", "cullface": "down", "rotation": 180 },
				"west": { "uv": [ 5, 10, 6, 11 ], "texture": "#all", "cullface": "down", "rotation": 180 },
				"east": { "uv": [ 4, 10, 5, 11 ], "texture": "#all", "cullface": "down", "rotation": 180 }
			}
		},
		{
			"__comment": "Cube104",
			"from": [ 3, -1, 4 ],
			"to": [ 8, 0, 5 ],
			"faces": {
				"down": { "uv": [ 8, 12, 3, 11 ], "texture": "#all", "cullface": "down", "rotation": 180 },
				"north": { "uv": [ 3, 11, 8, 12 ], "texture": "#all", "cullface": "down", "rotation": 180 },
				"south": { "uv": [ 8, 11, 3, 12 ], "texture": "#all", "cullface": "down", "rotation": 180 },
				"west": { "uv": [ 3, 11, 4, 12 ], "texture": "#all", "cullface": "down", "rotation": 180 },
				"east": { "uv": [ 7, 11, 8, 12 ], "texture": "#all", "cullface": "down", "rotation": 180 }
			}
		},
		{
			"__comment": "Cube104",
			"from": [ 5, -0.5, 3 ],
			"to": [ 9, 0, 4 ],
			"faces": {
				"down": { "uv": [ 9, 13, 5, 12 ], "texture": "#all", "cullface": "down", "rotation": 180 },
				"north": { "uv": [ 5, 12, 9, 13 ], "texture": "#all", "cullface": "down", "rotation": 180 },
				"south": { "uv": [ 9, 12, 5, 13 ], "texture": "#all", "cullface": "down", "rotation": 180 },
				"west": { "uv": [ 5, 12, 6, 13 ], "texture": "#all", "cullface": "down", "rotation": 180 },
				"east": { "uv": [ 8, 12, 9, 13 ], "texture": "#all", "cullface": "down", "rotation": 180 }
			}
		},
		{
			"__comment": "Cube104",
			"from": [ 2, -0.5, 9 ],
			"to": [ 6, 0, 10 ],
			"faces": {
				"down": { "uv": [ 6, 7, 2, 6 ], "texture": "#all", "cullface": "down", "rotation": 180 },
				"north": { "uv": [ 2, 6, 6, 7 ], "texture": "#all", "cullface": "down", "rotation": 180 },
				"south": { "uv": [ 6, 6, 2, 7 ], "texture": "#all", "cullface": "down", "rotation": 180 },
				"west": { "uv": [ 2, 6, 3, 7 ], "texture": "#all", "cullface": "down", "rotation": 180 },
				"east": { "uv": [ 5, 6, 6, 7 ], "texture": "#all", "cullface": "down", "rotation": 180 }
			}
		},
		{
			"__comment": "Cube104",
			"from": [ 10, -0.5, 10 ],
			"to": [ 14, 0, 11 ],
			"faces": {
				"down": { "uv": [ 14, 6, 10, 5 ], "texture": "#all", "cullface": "down", "rotation": 180 },
				"north": { "uv": [ 10, 5, 14, 6 ], "texture": "#all", "cullface": "down", "rotation": 180 },
				"south": { "uv": [ 14, 5, 10, 6 ], "texture": "#all", "cullface": "down", "rotation": 180 },
				"west": { "uv": [ 10, 5, 11, 6 ], "texture": "#all", "cullface": "down", "rotation": 180 },
				"east": { "uv": [ 13, 5, 14, 6 ], "texture": "#all", "cullface": "down", "rotation": 180 }
			}
		},
		{
			"__comment": "Cube104",
			"from": [ 9, -1, 9 ],
			"to": [ 12, 0, 10 ],
			"faces": {
				"down": { "uv": [ 12, 7, 9, 6 ], "texture": "#all", "cullface": "down", "rotation": 180 },
				"north": { "uv": [ 9, 6, 12, 7 ], "texture": "#all", "cullface": "down", "rotation": 180 },
				"south": { "uv": [ 12, 6, 9, 7 ], "texture": "#all", "cullface": "down", "rotation": 180 },
				"west": { "uv": [ 9, 6, 10, 7 ], "texture": "#all", "cullface": "down", "rotation": 180 },
				"east": { "uv": [ 11, 6, 12, 7 ], "texture": "#all", "cullface": "down", "rotation": 180 }
			}
		},
		{
			"__comment": "Cube104",
			"from": [ 4, 9, -1 ],
			"to": [ 7, 10, 0 ],
			"faces": {
				"down": { "uv": [ 9, 6, 12, 7 ], "texture": "#all", "cullface": "north", "rotation": 180 },
				"up": { "uv": [ 9, 7, 12, 6 ], "texture": "#all", "cullface": "north", "rotation": 180 },
				"north": { "uv": [ 9, 6, 12, 7 ], "texture": "#all", "cullface": "north" },
				"west": { "uv": [ 11, 6, 12, 7 ], "texture": "#all", "cullface": "north", "rotation": 270 },
				"east": { "uv": [ 9, 6, 10, 7 ], "texture": "#all", "cullface": "south", "rotation": 90 }
			}
		},
		{
			"__comment": "Cube104",
			"from": [ 7, 12, -0.5 ],
			"to": [ 9, 13, 0 ],
			"faces": {
				"down": { "uv": [ 7, 3, 9, 4 ], "texture": "#all", "cullface": "north", "rotation": 180 },
				"up": { "uv": [ 7, 4, 9, 3 ], "texture": "#all", "cullface": "north", "rotation": 180 },
				"north": { "uv": [ 7, 3, 9, 4 ], "texture": "#all", "cullface": "north" },
				"west": { "uv": [ 8, 3, 9, 4 ], "texture": "#all", "cullface": "north", "rotation": 270 },
				"east": { "uv": [ 7, 3, 8, 4 ], "texture": "#all", "cullface": "north", "rotation": 90 }
			}
		},
		{
			"__comment": "Cube104",
			"from": [ 5, 7, -1 ],
			"to": [ 7, 8, 0 ],
			"faces": {
				"up": { "uv": [ 9, 9, 11, 8 ], "texture": "#all", "cullface": "north", "rotation": 180 },
				"north": { "uv": [ 9, 8, 11, 9 ], "texture": "#all", "cullface": "north" },
				"west": { "uv": [ 10, 8, 11, 9 ], "texture": "#all", "cullface": "north", "rotation": 270 },
				"east": { "uv": [ 9, 8, 10, 9 ], "texture": "#all", "cullface": "north", "rotation": 90 }
			}
		},
		{
			"__comment": "Cube104",
			"from": [ 10, 5, -1 ],
			"to": [ 12, 6, 0 ],
			"faces": {
				"up": { "uv": [ 6, 11, 4, 10 ], "texture": "#all", "cullface": "north", "rotation": 180 },
				"north": { "uv": [ 4, 10, 6, 11 ], "texture": "#all", "cullface": "north" },
				"west": { "uv": [ 4, 10, 5, 11 ], "texture": "#all", "cullface": "north", "rotation": 270 },
				"east": { "uv": [ 5, 10, 6, 11 ], "texture": "#all", "cullface": "north", "rotation": 90 }
			}
		},
		{
			"__comment": "Cube104",
			"from": [ 8, 4, -1 ],
			"to": [ 13, 5, 0 ],
			"faces": {
				"down": { "uv": [ 3, 11, 8, 12 ], "texture": "#all", "cullface": "north", "rotation": 180 },
				"up": { "uv": [ 3, 12, 8, 11 ], "texture": "#all", "cullface": "north", "rotation": 180 },
				"north": { "uv": [ 3, 11, 8, 12 ], "texture": "#all", "cullface": "north" },
				"west": { "uv": [ 7, 11, 8, 12 ], "texture": "#all", "cullface": "north", "rotation": 270 },
				"east": { "uv": [ 3, 11, 4, 12 ], "texture": "#all", "cullface": "north", "rotation": 90 }
			}
		},
		{
			"__comment": "Cube104",
			"from": [ 7, 3, -0.5 ],
			"to": [ 11, 4, 0 ],
			"faces": {
				"down": { "uv": [ 5, 12, 9, 13 ], "texture": "#all", "cullface": "north", "rotation": 180 },
				"up": { "uv": [ 5, 13, 9, 12 ], "texture": "#all", "cullface": "north", "rotation": 180 },
				"north": { "uv": [ 5, 12, 9, 13 ], "texture": "#all", "cullface": "north" },
				"west": { "uv": [ 8, 12, 9, 13 ], "texture": "#all", "cullface": "north", "rotation": 270 },
				"east": { "uv": [ 5, 12, 6, 13 ], "texture": "#all", "cullface": "north", "rotation": 90 }
			}
		},
		{
			"__comment": "Cube104",
			"from": [ 10, 9, -0.5 ],
			"to": [ 14, 10, 0 ],
			"faces": {
				"down": { "uv": [ 2, 6, 6, 7 ], "texture": "#all", "cullface": "north", "rotation": 180 },
				"up": { "uv": [ 2, 7, 6, 6 ], "texture": "#all", "cullface": "north", "rotation": 180 },
				"north": { "uv": [ 2, 6, 6, 7 ], "texture": "#all", "cullface": "north" },
				"west": { "uv": [ 5, 6, 6, 7 ], "texture": "#all", "cullface": "north", "rotation": 270 },
				"east": { "uv": [ 2, 6, 3, 7 ], "texture": "#all", "cullface": "north", "rotation": 90 }
			}
		},
		{
			"__comment": "Cube104",
			"from": [ 2, 10, -0.5 ],
			"to": [ 6, 11, 0 ],
			"faces": {
				"down": { "uv": [ 10, 5, 14, 6 ], "texture": "#all", "cullface": "north", "rotation": 180 },
				"up": { "uv": [ 10, 6, 14, 5 ], "texture": "#all", "cullface": "north", "rotation": 180 },
				"north": { "uv": [ 10, 5, 14, 6 ], "texture": "#all", "cullface": "north" },
				"west": { "uv": [ 13, 5, 14, 6 ], "texture": "#all", "cullface": "north", "rotation": 270 },
				"east": { "uv": [ 10, 5, 11, 6 ], "texture": "#all", "cullface": "north", "rotation": 90 }
			}
		},
		{
			"__comment": "Cube104",
			"from": [ 8, 7, -0.5 ],
			"to": [ 9, 8, 0 ],
			"faces": {
				"down": { "uv": [ 7, 8, 8, 9 ], "texture": "#all", "cullface": "north", "rotation": 180 },
				"up": { "uv": [ 8, 9, 7, 8 ], "texture": "#all", "cullface": "north", "rotation": 180 },
				"north": { "uv": [ 7, 8, 8, 9 ], "texture": "#all", "cullface": "north" },
				"west": { "uv": [ 7, 8, 8, 9 ], "texture": "#all", "cullface": "north", "rotation": 270 },
				"east": { "uv": [ 7, 8, 8, 9 ], "texture": "#all", "cullface": "north", "rotation": 90 }
			}
		},
		{
			"__comment": "Cube104",
			"from": [ 11, 10, -0.5 ],
			"to": [ 12, 11, 0 ],
			"faces": {
				"up": { "uv": [ 5, 6, 4, 5 ], "texture": "#all", "cullface": "north", "rotation": 180 },
				"north": { "uv": [ 4, 5, 5, 6 ], "texture": "#all", "cullface": "north" },
				"west": { "uv": [ 4, 5, 5, 6 ], "texture": "#all", "cullface": "north", "rotation": 270 },
				"east": { "uv": [ 4, 5, 5, 6 ], "texture": "#all", "cullface": "north", "rotation": 90 }
			}
		},
		{
			"__comment": "Cube104",
			"from": [ 4, 6, -1 ],
			"to": [ 8, 7, 0 ],
			"faces": {
				"down": { "uv": [ 8, 9, 12, 10 ], "texture": "#all", "cullface": "north", "rotation": 180 },
				"up": { "uv": [ 8, 10, 12, 9 ], "texture": "#all", "cullface": "north", "rotation": 180 },
				"north": { "uv": [ 8, 9, 12, 10 ], "texture": "#all", "cullface": "north" },
				"west": { "uv": [ 11, 9, 12, 10 ], "texture": "#all", "cullface": "north", "rotation": 270 },
				"east": { "uv": [ 8, 9, 9, 10 ], "texture": "#all", "cullface": "north", "rotation": 90 }
			}
		}
	]
}