{
	"credit": "Made with Blockbench",
	"parent": "block/stairs",
	"textures": {
		"particle": "block/sandstone",
		"side": "block/sandstone",
		"top": "block/sandstone_top",
		"down": "block/sandstone_bottom"
	},
	"elements": [
		{
			"from": [0, 8, 0],
			"to": [16, 16, 16],
			"faces": {
				"north": {"uv": [0.00002, 0, 16, 8], "texture": "#side", "cullface": "north"},
				"east": {"uv": [0.00001, 0, 16, 8], "texture": "#side", "cullface": "east"},
				"south": {"uv": [0, 0, 15.99998, 8], "texture": "#side", "cullface": "south"},
				"west": {"uv": [0, 0, 15.99999, 8], "texture": "#side", "cullface": "west"},
				"up": {"uv": [0, 0, 15.99998, 15.99999], "texture": "#top", "cullface": "up"},
				"down": {"uv": [0, 0.00001, 15.99998, 16], "texture": "#down"}
			}
		},
		{
			"from": [8, 0, 8],
			"to": [16, 8, 16],
			"faces": {
				"north": {"uv": [0.00002, 7.99999, 8.00003, 15.99999], "texture": "#side"},
				"east": {"uv": [0.00001, 7.99999, 8.00001, 15.99999], "texture": "#side", "cullface": "east"},
				"south": {"uv": [7.99998, 7.99999, 15.99998, 15.99999], "texture": "#side", "cullface": "south"},
				"west": {"uv": [7.99999, 7.99999, 15.99999, 15.99999], "texture": "#side"},
				"down": {"uv": [7.99998, 0.00001, 15.99998, 8.00001], "texture": "#down", "cullface": "down"}
			}
		}
	]
}