{
	"__comment": "Created by _GrandMagus_",
	"parent": "block/cube",
	"textures": {
		"particle": "block/smithing_table_front",
		"down": "block/smithing_table_bottom",
		"up": "block/smithing_table_top",
		"north": "block/smithing_table_front",
		"east": "block/smithing_table_side",
		"south": "block/smithing_table_front",
		"west": "block/smithing_table_side"
	},
	"elements": [
		{
			"__comment": "Cube1",
			"from": [ 0, 12, 0 ],
			"to": [ 16, 16, 16 ],
			"faces": {
				"up": { "uv": [ 0, 0, 16, 16 ], "texture": "#up", "cullface": "up" },
				"north": { "uv": [ 0, 0, 16, 4 ], "texture": "#north", "cullface": "north" },
				"south": { "uv": [ 0, 0, 16, 4 ], "texture": "#south", "cullface": "south" },
				"west": { "uv": [ 0, 0, 16, 4 ], "texture": "#west", "cullface": "west" },
				"east": { "uv": [ 0, 0, 16, 4 ], "texture": "#east", "cullface": "east" }
			}
		},
		{
			"__comment": "Cube1",
			"from": [ 0, 1, 0 ],
			"to": [ 2, 12, 2 ],
			"faces": {
				"north": { "uv": [ 14, 4, 16, 15 ], "texture": "#north", "cullface": "north" },
				"south": { "uv": [ 2, 4, 0, 15 ], "texture": "#west", "cullface": "west" },
				"west": { "uv": [ 0, 4, 2, 15 ], "texture": "#west", "cullface": "west" },
				"east": { "uv": [ 16, 4, 14, 15 ], "texture": "#north", "cullface": "north" }
			}
		},
		{
			"__comment": "Cube1",
			"from": [ 0, 1, 14 ],
			"to": [ 2, 12, 16 ],
			"faces": {
				"north": { "uv": [ 16, 4, 14, 15 ], "texture": "#north", "cullface": "west" },
				"south": { "uv": [ 0, 4, 2, 15 ], "texture": "#south", "cullface": "south" },
				"west": { "uv": [ 14, 4, 16, 15 ], "texture": "#north", "cullface": "west" },
				"east": { "uv": [ 2, 4, 0, 15 ], "texture": "#south", "cullface": "south" }
			}
		},
		{
			"__comment": "Cube1",
			"from": [ 14, 1, 14 ],
			"to": [ 16, 12, 16 ],
			"faces": {
				"north": { "uv": [ 2, 4, 0, 15 ], "texture": "#north", "cullface": "east" },
				"south": { "uv": [ 14, 4, 16, 15 ], "texture": "#south", "cullface": "south" },
				"west": { "uv": [ 16, 4, 14, 15 ], "texture": "#south", "cullface": "south" },
				"east": { "uv": [ 0, 4, 2, 15 ], "texture": "#north", "cullface": "east" }
			}
		},
		{
			"__comment": "Cube1",
			"from": [ 14, 1, 0 ],
			"to": [ 16, 12, 2 ],
			"faces": {
				"north": { "uv": [ 0, 4, 2, 15 ], "texture": "#north", "cullface": "north" },
				"south": { "uv": [ 16, 4, 14, 15 ], "texture": "#east", "cullface": "east" },
				"west": { "uv": [ 2, 4, 0, 15 ], "texture": "#north", "cullface": "north" },
				"east": { "uv": [ 14, 4, 16, 15 ], "texture": "#east", "cullface": "east" }
			}
		},
		{
			"__comment": "Cube1",
			"from": [ 1, 1, 1 ],
			"to": [ 15, 12, 15 ],
			"faces": {
				"north": { "uv": [ 1, 4, 15, 15 ], "texture": "#north", "cullface": "north" },
				"south": { "uv": [ 1, 4, 15, 15 ], "texture": "#south", "cullface": "south" },
				"west": { "uv": [ 1, 4, 15, 15 ], "texture": "#west", "cullface": "west" },
				"east": { "uv": [ 1, 4, 15, 15 ], "texture": "#east", "cullface": "east" }
			}
		},
		{
			"__comment": "Cube1",
			"from": [ 0, 0, 0 ],
			"to": [ 16, 1, 16 ],
			"faces": {
				"down": { "uv": [ 0, 0, 16, 16 ], "texture": "#down", "cullface": "down" },
				"north": { "uv": [ 0, 15, 16, 16 ], "texture": "#north", "cullface": "north" },
				"south": { "uv": [ 0, 15, 16, 16 ], "texture": "#south", "cullface": "south" },
				"west": { "uv": [ 0, 15, 16, 16 ], "texture": "#west", "cullface": "west" },
				"east": { "uv": [ 0, 15, 16, 16 ], "texture": "#east", "cullface": "east" }
			}
		},
		{
			"__comment": "PlaneY8",
			"from": [ 15, 12, 2 ],
			"to": [ 16, 12.001, 14 ],
			"faces": {
				"down": { "uv": [ 2, 3, 14, 4 ], "texture": "#east", "cullface": "east", "rotation": 90 }
			}
		},
		{
			"__comment": "PlaneY8",
			"from": [ 15, 1, 2 ],
			"to": [ 16, 1.001, 14 ],
			"faces": {
				"up": { "uv": [ 2, 15, 14, 16 ], "texture": "#east", "cullface": "east", "rotation": 90 }
			}
		},
		{
			"__comment": "PlaneY8",
			"from": [ 2, 1, 0 ],
			"to": [ 14, 1.001, 1 ],
			"faces": {
				"up": { "uv": [ 2, 15, 14, 16 ], "texture": "#north", "cullface": "north", "rotation": 90 }
			}
		},
		{
			"__comment": "PlaneY8",
			"from": [ 0, 1, 2 ],
			"to": [ 1, 1.001, 14 ],
			"faces": {
				"up": { "uv": [ 2, 15, 14, 16 ], "texture": "#west", "cullface": "west", "rotation": 90 }
			}
		},
		{
			"__comment": "PlaneY8",
			"from": [ 2, 1, 15 ],
			"to": [ 14, 1.001, 16 ],
			"faces": {
				"up": { "uv": [ 2, 15, 14, 16 ], "texture": "#south", "cullface": "south", "rotation": 90 }
			}
		},
		{
			"__comment": "PlaneY8",
			"from": [ 2, 12, 0 ],
			"to": [ 14, 12.001, 1 ],
			"faces": {
				"down": { "uv": [ 2, 3, 14, 4 ], "texture": "#north", "cullface": "north", "rotation": 180 }
			}
		},
		{
			"__comment": "PlaneY8",
			"from": [ 2, 12, 15 ],
			"to": [ 14, 12.001, 16 ],
			"faces": {
				"down": { "uv": [ 14, 3, 2, 4 ], "texture": "#north", "cullface": "south", "rotation": 180 }
			}
		},
		{
			"__comment": "PlaneY8",
			"from": [ 0, 12, 2 ],
			"to": [ 1, 12.001, 14 ],
			"faces": {
				"down": { "uv": [ 14, 3, 2, 4 ], "texture": "#east", "cullface": "west", "rotation": 90 }
			}
		},
		{
			"__comment": "Cube19",
			"from": [ 3, 4, 15 ],
			"to": [ 4, 10, 16 ],
			"faces": {
				"down": { "uv": [ 3, 11, 4, 12 ], "texture": "#north", "cullface": "south" },
				"up": { "uv": [ 3, 6, 4, 7 ], "texture": "#north", "cullface": "south" },
				"south": { "uv": [ 3, 6, 4, 12 ], "texture": "#north", "cullface": "south" },
				"west": { "uv": [ 3, 6, 4, 12 ], "texture": "#north", "cullface": "south" },
				"east": { "uv": [ 3, 6, 4, 12 ], "texture": "#north", "cullface": "south" }
			}
		},
		{
			"__comment": "Cube19",
			"from": [ -1, 7, 3 ],
			"to": [ 1, 10, 8 ],
			"faces": {
				"down": { "uv": [ 3, 8, 8, 9 ], "texture": "#west", "cullface": "west", "rotation": 270 },
				"up": { "uv": [ 3, 8, 8, 6 ], "texture": "#west", "cullface": "west", "rotation": 90 },
				"north": { "uv": [ 5, 6, 3, 9 ], "texture": "#west", "cullface": "west" },
				"south": { "uv": [ 8, 6, 6, 9 ], "texture": "#west", "cullface": "west" },
				"west": { "uv": [ 3, 6, 8, 9 ], "texture": "#west", "cullface": "west" }
			}
		},
		{
			"__comment": "Cube19",
			"from": [ 15, 7, 8 ],
			"to": [ 17, 10, 13 ],
			"faces": {
				"down": { "uv": [ 3, 8, 8, 9 ], "texture": "#west", "cullface": "east", "rotation": 90 },
				"up": { "uv": [ 3, 8, 8, 6 ], "texture": "#west", "cullface": "east", "rotation": 270 },
				"north": { "uv": [ 8, 6, 6, 9 ], "texture": "#west", "cullface": "east" },
				"south": { "uv": [ 5, 6, 3, 9 ], "texture": "#west", "cullface": "east" },
				"west": { "uv": [ 8, 6, 13, 9 ], "texture": "#west", "cullface": "east" },
				"east": { "uv": [ 3, 6, 8, 9 ], "texture": "#west", "cullface": "east" }
			}
		},
		{
			"__comment": "Cube19",
			"from": [ 15, 3, 10 ],
			"to": [ 16, 11, 11 ],
			"faces": {
				"down": { "uv": [ 5, 12, 6, 13 ], "texture": "#west", "cullface": "east" },
				"up": { "uv": [ 5, 5, 6, 6 ], "texture": "#west", "cullface": "east" },
				"north": { "uv": [ 5, 5, 6, 13 ], "texture": "#west", "cullface": "east" },
				"south": { "uv": [ 5, 5, 6, 13 ], "texture": "#west", "cullface": "east" },
				"west": { "uv": [ 5, 5, 6, 13 ], "texture": "#west", "cullface": "east" },
				"east": { "uv": [ 5, 5, 6, 13 ], "texture": "#west", "cullface": "east" }
			}
		},
		{
			"__comment": "Cube19",
			"from": [ 0, 3, 5 ],
			"to": [ 1, 11, 6 ],
			"faces": {
				"down": { "uv": [ 5, 12, 6, 13 ], "texture": "#west", "cullface": "west" },
				"up": { "uv": [ 5, 5, 6, 6 ], "texture": "#west", "cullface": "west" },
				"north": { "uv": [ 5, 5, 6, 13 ], "texture": "#west", "cullface": "west" },
				"south": { "uv": [ 5, 5, 6, 13 ], "texture": "#west", "cullface": "west" },
				"west": { "uv": [ 5, 5, 6, 13 ], "texture": "#west", "cullface": "west" }
			}
		},
		{
			"__comment": "Cube19",
			"from": [ 9, 9, 15 ],
			"to": [ 10, 10, 16 ],
			"faces": {
				"down": { "uv": [ 9, 6, 10, 7 ], "texture": "#north", "cullface": "south" },
				"up": { "uv": [ 9, 6, 10, 7 ], "texture": "#north", "cullface": "south" },
				"south": { "uv": [ 9, 6, 10, 7 ], "texture": "#north", "cullface": "south" },
				"east": { "uv": [ 9, 6, 10, 7 ], "texture": "#north", "cullface": "south" }
			}
		},
		{
			"__comment": "Cube19",
			"from": [ 5, 4, 15 ],
			"to": [ 6, 11, 16 ],
			"faces": {
				"down": { "uv": [ 5, 11, 6, 12 ], "texture": "#north", "cullface": "south" },
				"up": { "uv": [ 5, 5, 6, 6 ], "texture": "#north", "cullface": "south" },
				"south": { "uv": [ 5, 5, 6, 12 ], "texture": "#north", "cullface": "south" },
				"west": { "uv": [ 5, 5, 6, 12 ], "texture": "#north", "cullface": "south" },
				"east": { "uv": [ 5, 5, 6, 12 ], "texture": "#north", "cullface": "south" }
			}
		},
		{
			"__comment": "Cube19",
			"from": [ 4, 9, 0 ],
			"to": [ 5, 10, 1 ],
			"faces": {
				"down": { "uv": [ 11, 6, 12, 7 ], "texture": "#north", "cullface": "north" },
				"up": { "uv": [ 11, 6, 12, 7 ], "texture": "#north", "cullface": "north" },
				"north": { "uv": [ 11, 6, 12, 7 ], "texture": "#north", "cullface": "north" },
				"east": { "uv": [ 11, 6, 12, 7 ], "texture": "#north", "cullface": "north" }
			}
		},
		{
			"__comment": "Cube19",
			"from": [ 12, 7, 15 ],
			"to": [ 13, 10, 16 ],
			"faces": {
				"down": { "uv": [ 12, 8, 13, 9 ], "texture": "#north", "cullface": "south" },
				"up": { "uv": [ 12, 6, 13, 7 ], "texture": "#north", "cullface": "south" },
				"south": { "uv": [ 12, 6, 13, 9 ], "texture": "#north", "cullface": "south" },
				"west": { "uv": [ 12, 6, 13, 9 ], "texture": "#north", "cullface": "south" },
				"east": { "uv": [ 12, 6, 13, 9 ], "texture": "#north", "cullface": "south" }
			}
		},
		{
			"__comment": "Cube19",
			"from": [ 10, 3, 15 ],
			"to": [ 11, 5, 16 ],
			"faces": {
				"down": { "uv": [ 10, 12, 11, 13 ], "texture": "#north", "cullface": "south" },
				"up": { "uv": [ 10, 11, 11, 12 ], "texture": "#north", "cullface": "south" },
				"south": { "uv": [ 10, 11, 11, 13 ], "texture": "#north", "cullface": "south" },
				"west": { "uv": [ 10, 11, 11, 13 ], "texture": "#north", "cullface": "south" },
				"east": { "uv": [ 10, 11, 11, 13 ], "texture": "#north", "cullface": "south" }
			}
		},
		{
			"__comment": "Cube19",
			"from": [ 11, 5, 15 ],
			"to": [ 12, 7, 16 ],
			"faces": {
				"down": { "uv": [ 11, 10, 12, 11 ], "texture": "#north", "cullface": "south" },
				"up": { "uv": [ 11, 9, 12, 10 ], "texture": "#north", "cullface": "south" },
				"south": { "uv": [ 11, 9, 12, 11 ], "texture": "#north", "cullface": "south" },
				"west": { "uv": [ 11, 9, 12, 11 ], "texture": "#north", "cullface": "south" },
				"east": { "uv": [ 11, 9, 12, 11 ], "texture": "#north", "cullface": "south" }
			}
		},
		{
			"__comment": "Cube19",
			"from": [ 11, 9, 15 ],
			"to": [ 12, 10, 16 ],
			"faces": {
				"down": { "uv": [ 11, 6, 12, 7 ], "texture": "#north", "cullface": "south" },
				"up": { "uv": [ 11, 6, 12, 7 ], "texture": "#north", "cullface": "south" },
				"south": { "uv": [ 11, 6, 12, 7 ], "texture": "#north", "cullface": "south" },
				"west": { "uv": [ 11, 6, 12, 7 ], "texture": "#north", "cullface": "south" }
			}
		},
		{
			"__comment": "Cube19",
			"from": [ 9, 5, 15 ],
			"to": [ 10, 7, 16 ],
			"faces": {
				"down": { "uv": [ 9, 10, 10, 11 ], "texture": "#north", "cullface": "south" },
				"up": { "uv": [ 9, 9, 10, 10 ], "texture": "#north", "cullface": "south" },
				"south": { "uv": [ 9, 9, 10, 11 ], "texture": "#north", "cullface": "south" },
				"west": { "uv": [ 9, 9, 10, 11 ], "texture": "#north", "cullface": "south" },
				"east": { "uv": [ 9, 9, 10, 11 ], "texture": "#north", "cullface": "south" }
			}
		},
		{
			"__comment": "Cube19",
			"from": [ 8, 7, 15 ],
			"to": [ 9, 10, 16 ],
			"faces": {
				"down": { "uv": [ 8, 8, 9, 9 ], "texture": "#north", "cullface": "south" },
				"up": { "uv": [ 8, 6, 9, 7 ], "texture": "#north", "cullface": "south" },
				"south": { "uv": [ 8, 6, 9, 9 ], "texture": "#north", "cullface": "south" },
				"west": { "uv": [ 8, 6, 9, 9 ], "texture": "#north", "cullface": "south" },
				"east": { "uv": [ 8, 6, 9, 9 ], "texture": "#north", "cullface": "south" }
			}
		},
		{
			"__comment": "Cube19",
			"from": [ 10, 4, 0 ],
			"to": [ 11, 11, 1 ],
			"faces": {
				"down": { "uv": [ 5, 11, 6, 12 ], "texture": "#north", "cullface": "north" },
				"up": { "uv": [ 5, 5, 6, 6 ], "texture": "#north", "cullface": "north" },
				"north": { "uv": [ 5, 5, 6, 12 ], "texture": "#north", "cullface": "north" },
				"west": { "uv": [ 5, 5, 6, 12 ], "texture": "#north", "cullface": "north" },
				"east": { "uv": [ 5, 5, 6, 12 ], "texture": "#north", "cullface": "north" }
			}
		},
		{
			"__comment": "Cube19",
			"from": [ 12, 4, 0 ],
			"to": [ 13, 10, 1 ],
			"faces": {
				"down": { "uv": [ 3, 11, 4, 12 ], "texture": "#north", "cullface": "north" },
				"up": { "uv": [ 3, 6, 4, 7 ], "texture": "#north", "cullface": "north" },
				"north": { "uv": [ 3, 6, 4, 12 ], "texture": "#north", "cullface": "north" },
				"west": { "uv": [ 3, 6, 4, 12 ], "texture": "#north", "cullface": "north" },
				"east": { "uv": [ 3, 6, 4, 12 ], "texture": "#north", "cullface": "north" }
			}
		},
		{
			"__comment": "Cube19",
			"from": [ 5, 3, 0 ],
			"to": [ 6, 5, 1 ],
			"faces": {
				"down": { "uv": [ 10, 12, 11, 13 ], "texture": "#north", "cullface": "north" },
				"up": { "uv": [ 10, 11, 11, 12 ], "texture": "#north", "cullface": "north" },
				"north": { "uv": [ 10, 11, 11, 13 ], "texture": "#north", "cullface": "north" },
				"west": { "uv": [ 10, 11, 11, 13 ], "texture": "#north", "cullface": "north" },
				"east": { "uv": [ 10, 11, 11, 13 ], "texture": "#north", "cullface": "north" }
			}
		},
		{
			"__comment": "Cube19",
			"from": [ 6, 5, 0 ],
			"to": [ 7, 7, 1 ],
			"faces": {
				"down": { "uv": [ 9, 10, 10, 11 ], "texture": "#north", "cullface": "north" },
				"up": { "uv": [ 9, 9, 10, 10 ], "texture": "#north", "cullface": "north" },
				"north": { "uv": [ 9, 9, 10, 11 ], "texture": "#north", "cullface": "north" },
				"west": { "uv": [ 9, 9, 10, 11 ], "texture": "#north", "cullface": "north" },
				"east": { "uv": [ 9, 9, 10, 11 ], "texture": "#north", "cullface": "north" }
			}
		},
		{
			"__comment": "Cube19",
			"from": [ 4, 5, 0 ],
			"to": [ 5, 7, 1 ],
			"faces": {
				"down": { "uv": [ 11, 10, 12, 11 ], "texture": "#north", "cullface": "north" },
				"up": { "uv": [ 11, 9, 12, 10 ], "texture": "#north", "cullface": "north" },
				"north": { "uv": [ 11, 9, 12, 11 ], "texture": "#north", "cullface": "north" },
				"west": { "uv": [ 11, 9, 12, 11 ], "texture": "#north", "cullface": "north" },
				"east": { "uv": [ 11, 9, 12, 11 ], "texture": "#north", "cullface": "north" }
			}
		},
		{
			"__comment": "Cube19",
			"from": [ 3, 7, 0 ],
			"to": [ 4, 10, 1 ],
			"faces": {
				"down": { "uv": [ 12, 8, 13, 9 ], "texture": "#north", "cullface": "north" },
				"up": { "uv": [ 12, 6, 13, 7 ], "texture": "#north", "cullface": "north" },
				"north": { "uv": [ 12, 6, 13, 9 ], "texture": "#north", "cullface": "north" },
				"west": { "uv": [ 12, 6, 13, 9 ], "texture": "#north", "cullface": "north" },
				"east": { "uv": [ 12, 6, 13, 9 ], "texture": "#north", "cullface": "north" }
			}
		},
		{
			"__comment": "Cube19",
			"from": [ 7, 7, 0 ],
			"to": [ 8, 10, 1 ],
			"faces": {
				"down": { "uv": [ 8, 8, 9, 9 ], "texture": "#north", "cullface": "north" },
				"up": { "uv": [ 8, 6, 9, 7 ], "texture": "#north", "cullface": "north" },
				"north": { "uv": [ 8, 6, 9, 9 ], "texture": "#north", "cullface": "north" },
				"west": { "uv": [ 8, 6, 9, 9 ], "texture": "#north", "cullface": "north" },
				"east": { "uv": [ 8, 6, 9, 9 ], "texture": "#north", "cullface": "north" }
			}
		},
		{
			"__comment": "Cube19",
			"from": [ 6, 9, 0 ],
			"to": [ 7, 10, 1 ],
			"faces": {
				"down": { "uv": [ 9, 6, 10, 7 ], "texture": "#north", "cullface": "north" },
				"up": { "uv": [ 9, 6, 10, 7 ], "texture": "#north", "cullface": "north" },
				"north": { "uv": [ 9, 6, 10, 7 ], "texture": "#north", "cullface": "north" },
				"west": { "uv": [ 9, 6, 10, 7 ], "texture": "#north", "cullface": "north" }
			}
		}
	]
}